pred_word,target_word,isCorrect
थर्मैक्स,थरमैक्स,0
सिखायगा,सिखाएगा,0
लीर्न,लर्न,0
ट्विटर्स,ट्विटर्स,1
तिरूनेलवेली,तिरुनेलवेली,0
इंडिपेंडेंस,इंडिपेंडेंस,1
स्पेशियों,स्पेशियों,1
शुरूह,शुरूः,0
कोल्हापुर,कोल्हापुर,1
अझर,अजहर,0
करार,क़रार,0
अंका,अंक,0
वीपीडी,डब्ल्यूपीडी,0
हाशिए,हाशिए,1
ग्लेन्डले,ग्लेंडल,0
उधेड,उधेड़,0
एकथी,इकठ्ठी,0
आईडीईए,आईडिया,0
अम्बिकापुर,अम्बिकापुर,1
मकेरेरे,माकेरेरे,0
सबूदाने,साबूदाने,0
फुहाड़ता,फूहड़ता,0
सिक्वेंट,सेक्वेंट,0
शुएब,शुऐब,0
पनिहटी,पानीहाटी,0
समेतती,समेटती,0
उखरुल,उखरुल,1
ब्रहमलिन,ब्रह्मलीन,0
उतराधिकारी,उतराधिकारी,1
इकबाल,इक़बाल,0
दयालपुरा,दयालपुरा,1
सोहराई,सोहराई,1
तकरीबन,तक़रीबन,0
फररुखनागर,फर्रूखनगर,0
थेंगा,ठेंगा,0
त्योहाररों,त्यौहारों,0
कर्णेश्वरधाम,कर्णेश्वरधाम,1
उमानाथ,उमानाथ,1
दांशील,दानशील,0
साहित्योत्सव,साहित्योत्सव,1
शांतिनिकेतन,शांतिनिकेतन,1
शिकायतकर्ता,शिकायतकर्ता,1
अंदरखाने,अंदरखाने,1
पैंटर,पंटर,0
लीदारों,लीडरों,0
गैलगंड,गलगंड,0
कार्णियाँ,कार्नियां,0
मुर्गीपालन,मुर्गीपालन,1
मुशाहिद,मुशाहिद,1
मॉड्यूल्स,मॉड्यूल्स,1
राजौरी,रजौरी,0
सुश्रुषा,सुश्रुषा,1
श्रृंगार,शृंगार,0
हॉल्ट,होल्ट,0
लैगिकता,लैंगिकता,0
इजाजात,इजाजत,0
वनक्षेत्र,वनक्षेत्र,1
भुताल,भूतल,0
स्वाद्रेमियों,स्वादप्रेमियों,0
निनेटिज,नाइनटीज,0
फ्रेक्टर,फ्रेक्टर,1
लिखकर,लिखकर,1
ययरकान्दीशनर,एयरकंडीशनर,0
नब्ज,नब्ज़,0
क्वेस,कुएस,0
बौनी,बौनी,1
कारागुजारियाँ,कारगुजारियां,0
गांगनम,गांगनाम,0
तापिया,तापीया,0
तेजपुर,तेज़पुर,0
तालवे,तलवे,0
सीमाई,सीमाई,1
दर्शनार्थी,दर्शनार्थी,1
रिवास,रिवास,1
तर्कवाद,तर्कवाद,1
अनुसारका,अनुसारका,1
कोचेला,कोचेला,1
लटाकाकर,लटककर,0
पत्रवलियां,पत्रावलियां,0
पारिशाद,परिषद,0
स्पींज,स्पिन्ज,0
अंशीदा,अनशिदा,0
डेजेसस,डिजीसस,0
सरायमोहिद्यूनपुर,सरायमोहिउद्दीनपुर,0
लोवेल,लॉवेल,0
कैपिसिटर,कैपेसिटर,0
पैसेंजर्जिंड,पैसेंजरजींद,0
ग्राथियों,ग्रंथियों,0
ब्युना,बुएना,0
कैंटरब्यूरी,कैंटरबरी,0
काठियावाड़ी,काठियावड़ी,0
तेकचंदानी,टेकचंदानी,0
फिसाद,फ़ीसद,0
बेरहरामी,बेरहरमी,0
निष्करर्षह,निष्कर्षः,0
एक्टिविटीज,ऐक्टिविटीज,0
रिकलील्रेशन,रिकैलीब्रेशन,0
सहनााधिकारियों,शासनाधिकारियों,0
फिजूलखर्ची,फिजूलखर्ची,1
दब्लयुपीदी,डब्ल्यूपीडी,0
पासस,पेस,0
दस्तर,दस्तार,0
कैटलिन,कैटलिन,1
जॉड़ता,जोड़ता,0
किलता,किल्लत,0
गृहणगर,गृहनगर,0
वंडर,वंडर,1
वतर,वाटर,0
श्विंग,श्विंग,1
पाष्टुन,पश्तून,0
फर्म,फार्म,0
दिबानू,डिबनू,0
पश्चमी,पश्चमी,1
उठापाक,उठापटक,0
निलाभ,नीलाभ,0
लक्मीसमियाँ,लक्ष्मीनियां,0
महानगरावासियों,महानगरवासियों,0
उपनेटा,उपनेता,0
कन्वेन्शन,कन्वेंशन,0
शार्प,शाॅर्प,0
कार्योजन,कार्ययोजना,0
मास,मास,1
वेस्टिंग,वेस्टिंग,1
कुरवेटी,कुर्वेती,0
ज्यादा,ज़यादा,0
मुकेश्वरी,मुकेश्वरी,1
श्रीमति,श्रीमति,1
विवेकाधिकारों,विवेकाधिकारों,1
लोकसभववली,लोकसभावाली,0
कबहा,कबहा,1
भ्रांतियों,भ्रांतियों,1
विवेकहीं,विवेकहीन,0
बालमिकी,बाल्मीकि,0
हर्याणा,हरयाणा,0
जिवराज,जीवराज,0
फ्लान,फ्लिन,0
राना,राणा,0
विष्णुपुरा,विष्णुपुरा,1
घोटालेबाजों,घोटालेबाजों,1
हैरेटेंजेंज,हैरतअंगेज़,0
तकलीपड़ेह,तकलीफ़देह,0
पीपाढ़,पीपाड़,0
धभाषारा,धभाशारा,0
अंत्दियां,अंतडियां,0
रॉबिन,राबिन,0
सिंगार,सिंगार,1
गुमशुदागी,गुमशुदगी,0
बालकृष्णा,बालकृष्ण,0
फ़बती,फब्ती,0
पलटने,पलटने,1
लहलहाती,लहलहाती,1
नगााड़ा,नगाड़ा,0
उड़नें,उड़ानें,0
क्लेन,क्लेन,1
जुलूस,जूलूस,0
कार्यभार,कार्यभार,1
मांटो,मंटो,0
पैमेश,पैमाइश,0
कोविना,कोविना,1
पेंशान,पेंषन,0
ओगस्तवेस्टैलैंड,ऑगस्टावेस्टलैंड,0
सेंट्रिंग,सैंट्रींग,0
एक्टिवा,ऐक्टिवा,0
बर्कर,बार्कर,0
वालकान,वल्कन,0
व्रुतों,वृत्तों,0
कबाद्दी,कबड्डी,0
रौनाख,रौनक़,0
कैटलिन,कैटलिन,1
फूस,फूस,1
जंगड़ना,जनगणना,0
उपख्यानों,उपाख्यानों,0
सुन्द्रम,सुंदरम,0
कोचिन,कोचीन,0
नेको,नेको,1
कौशल,कौशल,1
फलिया,फालिया,0
एसववेडो,एस्वेडो,0
कोट्टयम,कोट्टयम,1
दिलाएगा,दिलाएगा,1
कुरवी,कर्वी,0
सौंपेंगी,सौंपेंगी,1
लेखन,लेख़न,0
गुडेपु,गुडेपु,1
फरसे,फरसे,1
नुबिया,नूबिया,0
ताजा,ताजा,1
आंत्रित,आंत्रित,1
क़जी,काजी,0
मुर्गीपालन,मुर्गीपालन,1
एडीडी,एड्डी,0
नागाइन,नगीने,0
सुभा,सुब्हा,0
लुइस,लुइस,1
विजयपुरम,विजयापुरम,0
बताओ,बताअाे,0
ओचोआ,ओकोआ,0
साइंस,साइंस,1
सरकारें,सरकारें,1
ब्रेमर्टन,ब्रेमटन,0
गुरुपडो,गुरुपदो,0
संयुक्त,संयुक्त,1
रालोद,रालोद,1
बाधाओं,बाधाओं,1
गौमुत्र,गौमूत्र,0
सभाएं,सभाएं,1
तानी,तनी,0
देलही,दिल्ली,0
सुकेन,सुजेन,0
विनित,विनीत,0
चिमते,चिमाते,0
किकियाना,किकियाना,1
रॉकेट,रॊकेट,0
मैक्सवेल,मैक्सवेल,1
हिप्पो,हिप्पो,1
दीपन,दीपन,1
अरियमा,अर्यमा,0
भुलता,भूलता,0
कर्माचारी,कर्माचारी,1
दुर्गापुर,दुर्गापुर,1
त्रिभाषा,त्रिभाषा,1
सूदखोरों,सूदखोरों,1
प्रस्तावों,प्रस्तावों,1
सरविन,सुरवीन,0
प्राप्ति,प्राप्ती,0
गिरिवासियों,गिरिवासियों,1
सिडुसिंग,सिडयूसिंग,0
वेलवेट,वेलवेट,1
मुकारार,मुक़र्रर,0
बैक्सटर,बैक्सटर,1
डिनियर,डेनिअर,0
सीवूएल,सीडब्ल्यू,0
उठानी,उठनी,0
घासी,घासी,1
इकात्था,इकट्ठा,0
भूपसिंह,भूपसिंह,1
दबोचने,दबोचने,1
क्रॉसबी,क्रॉस्बी,0
नामिगररामी,नामीगिरामी,0
हर्ले,हर्ले,1
जरदा,जर्दा,0
लिपेराधनमंत्री,लिएप्रधानमंत्री,0
भ्रांती,भ्रांति,0
अगेंस्योयन,ऐजेंसियों,0
बागो,बागो,1
फोर्ी,फारसी,0
बोसान,बोसान,1
कार्की,कार्की,1
गिनाटे,गिनते,0
मनोकामनाओं,मनोकामनाओं,1
संमप्ततियाँ,संम्पत्तियां,0
पोलिथीनों,पॉलिथीनों,0
मटके,एमटेक,0
पारिचार,परिचर,0
बदबड़ी,बडबडी,0
क्रेन,क्रेन,1
लामियाँ,लामियां,0
उल्हासनगर,उल्हासनगर,1
प्रभानमंत्री,प्रभानमंत्री,1
शिवालपुरवा,शिवालापुरवा,0
फर्थ,फर्थ,1
सुहागिन,सुहागिन,1
सराईकेला,सरायकेला,0
रोमियोविल,रोमियोविल,1
राजस्थाववासियों,राजस्थानवासियों,0
प्रातिरोधात्मक,प्रतिरोधात्मक,0
स्वर्णिका,स्वर्णिका,1
व्यवस्थापना,व्यवस्थापना,1
टेल,तेल,0
गलतफ्हामी,ग़लतफ़हमी,0
टेकेनसाइडर,टेकइनसाइडर,0
माइक्रोफाइबर,माइक्रोफाइबर,1
श्रीमहापूर्ण,श्रीमहापूर्ण,1
फल्लजुआ,फ़ल्लूजा,0
डोनल्डसन,डोनल्डसन,1
चढ़ने,चढ़ने,1
जीवविज्ञानियों,जीवविज्ञानियों,1
क्रिकेटिंग,क्रिकेटिंग,1
रिडक्शन,रिडक्शन,1
अवाज़ें,आवाज़ें,0
व्लाड़,व्लाद,0
प्राथमिक,प्राथमिक,1
थेंगा,ठेंगा,0
एक्ससेल,एक्सेल,0
चटकाते,चटकाते,1
कुबुद्दीन,कुबुद्दीन,1
ताज़ा,ताजा,0
पदानी,पड़नी,0
निचाई,नीचाई,0
वौसाउ,वौसौ,0
आलोचकों,आलोचकों,1
जलजले,ज़लज़ले,0
सुरात,सूरत,0
जीवती,जीवति,0
प्रहारक,प्रहारक,1
श्रीसदगुरु,श्रीसद्गुरु,0
संचालनों,संचालनों,1
भल्,भाल,0
तुघलाक,तुगलक,0
उठापतक,उठापटक,0
हस्तांतररीय,हस्तांतरणीय,0
उत्साहार््द्धन,उत्साहवर्द्धन,0
संगोश्त्री,संगोष्ट्री,0
सासानाधिकारियों,शासनाधिकारियों,0
महाधिपतियों,महाधिपतियों,1
फतिमा,फातिमा,0
फोडे,फोड़े,0
कांतिन्यू,कंटिन्यू,0
कामनाएं,कामानाएं,0
शुटीले,चुटीले,0
संख्याएं,संख्याएं,1
क्रंज,करंज,0
बरसता,बरसाता,0
परिकल्पित,परिकल्पित,1
हरपाल,हरपाल,1
माओंत,माऊंट,0
ग्रोवर,ग्रोवर,1
बायोलोजिज़,बायोलॉजिस्,0
हालीसाहर,हालिशहर,0
अंजेलो,एंजेलो,0
जेनुधरी,जनेऊधारी,0
बिचबाचाव,बीचबचाव,0
पोकार,पोकर,0
अपवर्तित,अपवर्तित,1
आस्तिं,आस्तीन,0
प्रतिष्ठावले,प्रतिष्ठावाले,0
ब्यूनेवुतरा,ब्युनावेंचुरा,0
डिकेकन,डेक्कन,0
सेरिव,सेरिव,1
परदा,पर्दा,0
एमिले,एमिल,0
शैली,शैली,1
ईस्टवले,ईस्टवेल,0
छल्ला,छल्ला,1
लक्ष्यों,लक्ष्यों,1
होफ,हॉफ,0
जरूरीह,जरूरीः,0
राह्य,रह्या,0
महकाने,महकने,0
डेवी,देवी,0
निलेसन,नील्सन,0
भिरा,भीरा,0
चबुतरे,चबूतरे,0
भूषण,भूषण,1
रुकते,रुकते,1
आमदानी,आमदनी,0
तल्क्षोव,टॉकशो,0
जूनागढ़,जूनागढ़,1
पढ़ता,पढ़ाता,0
ओढ़कर,ओढ़कर,1
ब्रोक,ब्रोक,1
तलााशा,तलाशा,0
परिवारवाले,परिवारवाले,1
ट्रुब्युनल,ट्रिब्यूनल,0
ब्रॉक,ब्रोक,0
यल्लाप्पा,यल्लाप्पा,1
तस्वरों,तस्वारों,0
तुगालकी,तुगलकी,0
पीकआईसी,पिक,0
सर्कुलेशन,सर्किलेशन,0
जवरा,ज्वार,0
कनिनधाम,कनिंघम,0
कुश,कुश,1
प्रोफरसिबैक,प्रॉपरफेसबुक,0
आश्रफी,अशरफी,0
चढ़ें,चढ़ें,1
वांगचुक,वांगचुक,1
होनीवेल,हनीवेल,0
राडीयमधर्मी,रेडियमधर्मी,0
लढेगे,लड़ेगे,0
सचान,सचन,0
अर्थशास्त्रियों,अर्थशास्त्रीयों,0
कैनटन,कैंटन,0
आत्ममुग्ध,आत्ममुग्ध,1
पोंटियाक,पॉन्टिएक,0
लोपेज,लोपेज़,0
घोंटना,घोंटना,1
अम्बानी,अम्बानी,1
मार्यदाओं,मर्यादाओं,0
रतलाम,रतलाम,1
हरक्युल्स,हरक्यूलिस,0
अकोला,अकोला,1
सक्षण,सक्शन,0
नोटबंदीशुदा,नोटबंदीशुदा,1
लगवाती,लगवाती,1
अलिवे,अलाइव,0
जिवांत,जीवंत,0
फोडा,फोड़ा,0
फतही,फटही,0
नूबिया,नूबिया,1
लालमानी,लालमणी,0
फैसाला,फ़ैसला,0
क्रुत्या,कृत्या,0
धुआन,धुआं,0
अहुजा,आहूजा,0
प्रतिपालपुर,प्रतिपालपुर,1
नमकीन,नमकीन,1
मंजिलें,मंजिलें,1
लफ्ाजी,लफ्फाजी,0
जुराब,जुराब,1
फुलाए,फुलाए,1
कैस्टलॉय,केस्टालॉय,0
ब्लैक,ब्लैक,1
सोराज,सूरज,0
ब्रॉन्च,ब्रॉन्च,1
अवरनाता,अवर्णता,0
जोहरी,जोहरी,1
तेवरी,तेवरी,1
सैंडर्स,सेंडर्स,0
वेल्डर्डर,वेल्डर,0
एनीयू,एनईयू,0
भरष्टाचारियों,भरष्टाचारियों,1
लालमानी,लालमणी,0
खाटेदार,खातेदार,0
आज़माना,आजमाना,0
आवृत्तियों,आवृत्तियों,1
कुल्लवी,कुल्लवी,1
बहावलपुर,बहावलपुर,1
प्राथमिकता,प्राथमिकता,1
मोबिले,मोबाइल,0
कतिहार,कटिहार,0
स्वेचा,स्वेच्छा,0
हामिदान,हामिदन,0
समधर्ष्णी,समदर्शिनी,0
दृदिध,दृढ़,0
गॉन्ड,गोंद,0
विशेष,विशेश,0
काबिलेगुर,काबिलेगौर,0
लॉरेंसे,लौरेंस,0
हिशम,हिशाम,0
चौसिंगा,चौसिंगा,1
पाफिन,पफिन,0
माते,मेट,0
बिल्डकॉन,बिल्डकॉन,1
टीकों,टीकों,1
अठक,अथक,0
जिंदगी,जिदंगी,0
चायल,चायल,1
माप,माप,1
लास्त,लास्ट,0
गजरा,गजरा,1
रात्रीचार,रात्रिचर,0
काठला,काथला,0
सहूलियता,सहूलियत,0
पट्टनाैक,पटनायक,0
न्यायलयों,न्यायालयीन,0
मुख्यमंत्रियों,मुख्यमंत्रियाें,0
जीतानेवालों,जीतनेवालों,0
स्वाफोटो,स्वफ़ोटो,0
क्लिफ्टन,क्लिफ्टन,1
दोडा,डोडा,0
पेंडुलम,पेंडुलम,1
चिपकने,चिपकने,1
नालाकासा,नलकसा,0
छ्हाह,छह,0
गॉन्ड,गोंड,0
समीक्षाकर्ता,समीक्षाकर्ता,1
मंत्रिपद,मंत्रीपद,0
लिबरेशन,लिब्रेशन,0
असमान्य,असमान्य,1
चुंगियों,चुंगियों,1
एरीका,एरिका,0
बलोट,बेलोट,0
टिन,थींं,0
फोरमिक,फार्मिक,0
युद्धक,युद्धक,1
वेगास,वेगास,1
लास,लास्ट,0
चित्रांशी,चित्रांशी,1
अवरांता,अवर्णता,0
वास्टिंग,वेस्टिंग,0
वितर्क,वितर्क,1
मुकाबले,मुकबाले,0
धर्मपूर्वी,धर्मपूर्वी,1
अम्बानी,अंबानी,0
इबीजा,इबीजा,1
महामेडिया,महामीडिया,0
सुजलों,सुज़लोन,0
वर्णित,वर्णित,1
झुठलाने,झुठलाने,1
मदुराई,मदुरई,0
कौंडल,कौण्डल,0
लपट्टा,लापत्ता,0
क्षीन,क्षीण,0
टेवारी,तेवरी,0
रायचूर,रायचूर,1
लिंडन,लिंडन,1
पुलामा,पुलमा,0
ओलराउंडर,ऑलराउंडर,0
गरिबों,ग़रीबों,0
कैल्हन,कालाहान,0
वाबाग,वाबाग,1
कैपधारी,कैपधारी,1
अट्टा,आटा,0
बरेली,बरेली,1
जिंग,जिंग,1
जिवान,जीवन,0
रेडीडी,रेड्डी,0
पहनी,पहनी,1
ताणु,तनु,0
दीपिका,दीपिका,1
लोहाती,लोहाती,1
कक्कड़,कक्कड़,1
मौलवियों,मौलवियों,1
डुंगरपुर,डूंगरपुर,0
ज़ालना,झालाना,0
लकमे,लक्मे,0
प्रोस्केप्टस,प्रोस्पैक्ट्स,0
वेस्टहन्योस,वेस्टिंगहाउस,0
बवारा,बावरा,0
ठक्र,ठक्कर,0
इच्छाचारी,इच्छाचारी,1
त्रिया,त्रिया,1
धवकों,धावकों,0
दामले,दामले,1
श्रवणबेलगोला,श्रवणाबेलागोला,0
निलकमल,नीलकमल,0
कर्मचारी,कर्माचारी,0
पूर्वोत्तर,पूर्वाेत्तर,0
लहरायी,लहराई,0
हैतो,हैतो,1
प्रकांध,प्रकाण्ड़,0
खेलमंत्री,खेलमंत्री,1
भविष्य,भविष्य,1
एग्मोर,एगमोर,0
शृंगार,शृंगार,1
सौपेंगी,सौंपेंगी,0
क्नोक्सविले,नॉक्सविल,0
बेंडर,बेंडर,1
सुन्दरम,सुंदरम,0
प्रदेश,प्रदेश,1
संवेदीकरण,संवेदीकरण,1
लगुना,लगुना,1
भिशम,भीष्म,0
येमीमगनुर,येम्मिगनुर,0
हुत्माकी,हुहतमाकी,0
वादली,वडाली,0
जीएआईएल,गेल,0
रेस,रेस,1
सलाजार,सालाज़र,0
डिफ्थिया,डिप्थीरिया,0
द्राध,दृढ़,0
शादाधि,शदधि,0
प्रबोधिनी,प्रबोधिनी,1
लोकप्रतिनिधियों,लोकप्रतिनिधियों,1
जताती,जताती,1
मांगला,मंगला,0
बेरविन,बर्विन,0
मुम,मम,0
उदयागढ़ी,उदयगढ़ी,0
अकापुलको,अकापुल्को,0
वैध्रुति,वैधृति,0
चरणबद्ध,चरणबद्घ,0
मण्डादि,मनदड़ी,0
यूक्लिड,यूक्लिड,1
पारमपर्किता,पारंपरिकता,0
हफते,हांफते,0
साथिया,साथिया,1
संघियता,संघीयता,0
मुख्यातितियों,मुख्यअतिथियों,0
व्यवस्थाविरोधी,व्यवस्थाविरोधी,1
रक्तदाताओं,रक्तदाताओं,1
बारामाडे,बरामदे,0
तारूताल,तरुतल,0
कुत्ता,कुत्ता,1
झाड़ा,झाड़ा,1
किशुन,किशुन,1
श्फेलर,स्कैफ़लर,0
अमरोही,अमरोही,1
रैडिकल,रैडिकल,1
जेन्नर,जेनर,0
वर्षीय,वर्षिय,0
हासिनो,हसीनों,0
शावकों,शावकों,1
रुपा,रूपा,0
स्वार्थपरक,स्वार्थपरक,1
वेरोनिका,वेरोनिका,1
वेब,वेब,1
महापत्रा,महापात्रा,0
चेंकें,छींके,0
अग्रा,अग्र,0
जियांगको,जियांगकोऊ,0
वेस्टवर्क,वेस्टवर्क,1
जनागन्ना,जनगणना,0
पास्को,पास्को,1
जाधव,जाधव,1
एंटरप्राइज,एंटरप्राइज,1
संसयों,संशयों,0
वर्वन्यवस्वादाियों,वर्णव्यवस्थावादियों,0
उपस्थियों,उपस्थियों,1
मुडीीचू,मुडिचु,0
पर्सन्तरों,पर्नस्टारों,0
आईए,ईए,0
बैला,बैला,1
लिवाल,लिवाल,1
हिल्सबोरो,हिल्सबोरो,1
राष्ट्रिया्यक्षा,राष्ट्रियाध्यक्ष,0
पीडबल्यूटी,पीडब्ल्यूटी,0
थाउसैंड,थाउजेंड,0
शाकिर,शाकिर,1
सलहाकर,सलाहकार,0
विश्वकर्मा,विश्वकर्मा,1
रिज,रिज,1
स्वास्थ्यीनता,स्वास्थ्यहीनता,0
रिश्वतखोर,रिश्वतखोर,1
प्राविंसेस,प्राविंसेस,1
दफ्तरवाले,दफ्तरवाले,1
फिजीसियन,फिजिशियन,0
लॉग,लोग,0
जोधिका,जोधिका,1
सेवला,सेवाला,0
दूबत,डूबत,0
सिपह,सिपाह,0
भरमा,भरमा,1
प्रतिज्ञा,प्रतिज्ञा,1
मेघवाल,मेघवाल,1
नंदोई,नंदोई,1
औरोरा,ऑरोरा,0
फार्मूली,फार्मूले,0
दुर्घटना,दुर्घटना,1
स्वतंत्रसिंह,स्वतंत्रसिंह,1
मोंटेरी,मोंटेरे,0
बालती,बाल्टी,0
कोलंबिया,कोलंबिया,1
व्हिटियर,व्हिटियर,1
डुक्के,दुक्के,0
क्यूबेक,क्यूबेक,1
चमकना,चमकना,1
शीलभाग,शीलभंग,0
बिस्टांगोड,बिस्तागोंड,0
फिंडले,फाइंडले,0
बपा,बापा,0
देहरा,देहरा,1
एआईसईई,ऐसे,0
श्रांखला,श्रंखला,0
हस्ताक्षरों,हस्ताक्षरों,1
तिरुपति,तिरुपति,1
मंगलमूर्तिह,मंगलमूर्तिः,0
कुर्सियों,कुर्सियों,1
मिठाईयाँ,मिठाइयाँ,0
पहनो,पहनो,1
हेलेबिड,हैलबिड,0
बांश,बंगश,0
आफ्सिली,ऑफिशियली,0
सेवाई,सेंवई,0
गुर्जर,गुर्जर,1
सामनवायका,समन्वयक,0
पार्नेल,पार्नेल,1
सुनसान,सूनसान,0
क्युसेक्स,क्यूसैक्स,0
माध्य,मध्य,0
युधरात,युद्धरत,0
उरबंदले,अर्बनडेल,0
ब्रिग्स,ब्रिग्स,1
एररर,एरर,0
चिखाली,चिखली,0
वान,वाण,0
अधिकारियाँ,अधिकारियां,0
रोनाके,रोनोक,0
हाओकिप,हाओकिप,1
पूर्वापेक्षाओं,पूर्वापेक्षाओं,1
मशीनावत,मशीनवत,0
कदमो,कदमो,1
कुरामी,कुरमी,0
विद्याथ्यों,विद्याथयों,0
सिमताता,सिमटता,0
सांगरूर,संगरूर,0
स्ट्रोंगसविले,स्ट्रोंगस्विल,0
अगवाई,अगवाई,1
जनगां,जनगन,0
नागराज,नागराज,1
यरियां,यारियां,0
भाग्येश्वर,भाग्येष्वर,0
जिवती,जीवति,0
सुदखोरों,सूदखोरों,0
रुकवाकर,रुकवाकर,1
ब्रह्मवर्ता,ब्रह्मवर्ता,1
ग्रेय,ग्रे,0
भ्रांती,भ्रांति,0
पूरूषोत्तमपुर,पुरूषोत्तमपुर,0
तेजी,तेजी,1
स्वातन,स्वातं,0
मंतरीमंडलीय,मंत्रिमंडलीय,0
अशली,एशले,0
मैथव्स,मेथिव्स,0
मूलों,मूलों,1
अक्जो,एक्ज़ो,0
हमीरपुर,हमीरपुर,1
पोखरियाल,पोखरियाल,1
बोलैटीन,बोलतीं,0
प्रतिष्ठावले,प्रतिष्ठावाले,0
दबंगता,दबंगता,1
धुरिया,धुरिया,1
टीप,टिप,0
गाज़ी,गाज़ी,1
इजाजत,इजाजत,1
मेजबानी,मेज़बानी,0
टोलेडो,टोलेडो,1
मोहधा,मोहड़ा,0
पुतली,पुतली,1
संचारी,संचारी,1
तापनी,टापनी,0
लिटल,लिटिल,0
नरनारी,नरनारी,1
धनिये,धनिये,1
गढ़ूँगा,गाड़ूँगा,0
फाद़ी,फाड़ी,0
गम्मत,गम्मत,1
ट्यूबरक्लोसिस,ट्यूबरक्यूलोसिस,0
नागरजुना,नागार्जुन,0
राजनीची,राजनीचि,0
मेडिजेंसेर,मेडिजेन्सर,0
लफप्हाजी,लफ्फाजी,0
कममर्स,कॉमर्स,0
माथलू,माथलू,1
चटगांव,चटगांव,1
हिलिग,हीलिग,0
इन्पेक्टर,इस्न्पेक्टोर,0
टेस्टिंग,टेस्टिंग,1
नौशाद,नौशाद,1
फल्लूजा,फ़ल्लूजा,0
पीक,पिक,0
जिवान,जीवन,0
कटाल,कताल,0
दब्लबयुफी,डब्ल्यूईएफ,0
बेसिल,बेसिल,1
स्लाइडन,स्लाइडों,0
सैन्दन,सैंदान,0
जेरेमी,जेरेमी,1
गाँव,गॉंव,0
तोड़ेंगे,तोड़ेंगे,1
उड़ान,उड़ान,1
सप्त्रकांती,सप्तक्रांति,0
मिरंडा,मिरांडा,0
व्यापक,व्यापक,1
मैडी,मैडी,1
सभासदों,सभासदों,1
नौवाहन,नौवहन,0
आत्माएं,आत्माएं,1
रोसा,रोज़ा,0
दमाए,दमाए,1
मिडवेस्ट,मिडवेस्ट,1
त्रेलारह,ट्रेलरः,0
मार्बोरोग,मालबर,0
वैको,वाको,0
विमर्शों,विमर्शों,1
खान,खान,1
डिफारार्ड,डिफरर्ड,0
सरसा,सरसा,1
हेस्टर,हेस्टर,1
उत्तर,उत्तर,1
कसेरा,कसेरा,1
कुराने,कुरआने,0
दयित्वों,दायित्वों,0
चयानितों,चयनितों,0
मोरलेस,मोराल्स,0
हेरोस,हीरोज,0
प्रेममूलक,प्रेममूलक,1
मोरान,मोरन,0
जाइडस,ज़ाइडस,0
नेलसन,नेल्सन,0
अमारपाल,अमरपाल,0
फटने,फटने,1
टिंका,टिंका,1
गायकाओ,गायिकाओ,0
पकाएं,पकाएं,1
भ्रष्टाचारियों,भ्रष्टाचारीयों,0
चलित,चालित,0
एएफएल,एफल,0
मोड,मॉड,0
राजनीतिकारों,राजनीतिकारों,1
अर्थों,अर्थों,1
गालिगालज,गालीगलौज,0
अन्योन्याित्रता,अन्योन्याश्रितता,0
उदाया,उडाया,0
कटलरी,कटलरी,1
प्रतिबंधा,प्रतिबन्धः,0
नीलाभ,नीलाभ,1
बिले,बिलाई,0
खुलमलखुुला,खुल्लमखुल्ला,0
स्वनसं,स्वानसन,0
अनवाहार्य,अन्वाहार्य,0
रेवारी,रेवाड़ी,0
सहकलाकर,सहकलाकार,0
चैम्पिशिं,चैंपियनशिप,0
भड़काया,भड़काया,1
नमधारी,नामधारी,0
अलबा,अल्बा,0
वानुकूलन,वातानुकूलन,0
खाटाधारक,खाताधारक,0
टेक्सास,टेक्सस,0
स्पेशियल,स्पेशल,0
हरवांश,हरवंश,0
दीनू,दीनु,0
शनिवार,शनिवार,1
डेई,डीई,0
दाबी,डाबी,0
नहिंकरवाई,नहींकरवाई,0
मारवाद,मारवाड़,0
पीडियों,पीड़ियों,0
ब्रिगटन,ब्रिगटन,1
म्नाई,मनाए,0
लिगार,लिगर,0
दिलागा,दिलाएगा,0
आधिन,आधीन,0
पारवा,परवा,0
हेम्प्स्टेड,हेम्प्सटेड,0
मामूली,मामूली,1
प्रदेशिका,प्रदेशिका,1
वैरिफिकेशन,वैरीफ़िकेशन,0
फेफाडा,फेफड़ा,0
विसंगतिया,विसंगतिया,1
कछ्चे,कच्छे,0
घोस्ट,घोस्ट,1
पिपली,पिपली,1
लोवासा,लवासा,0
हेल्पर,हेल्पर,1
डूबनेवाले,डूबनेवाले,1
बख्शने,बख्शने,1
इंद्रियोंके,इन्द्रियोंके,0
बरहड़,बरहद,0
रिसाली,रिसाली,1
कक्षीवती,काक्षीवती,0
विश्वरक्त,विश्वरक्त,1
लोडी,लोदी,0
पेचत्री,पीचट्री,0
घुमक्कडों,घुमक्कड़ों,0
ओझा,ओझा,1
इलाज,इलाज़,0
अरुणाई,अरुणाई,1
अयोध्यानेथ,अयोध्यानाथ,0
भौतिकवादियों,भौतिकवादियों,1
रोकेट,रॊकेट,0
न्रूकोमिस्ट्री,न्यूरोकेमिस्ट्री,0
कोलडवेल,काल्डवेल,0
आवाज़ें,आवाज़ें,1
मूल,मूल,1
मल्टिप्लेक्सन,मल्टिप्लेक्सों,0
त्योहार,त्यौहार,0
रोटेशन,रोटेशन,1
बेलाचा,बेलचा,0
सहकलाकर,सहकलाकार,0
जादित,जड़ित,0
नगारा,नगाड़ा,0
बारपाया,बरपाया,0
डूंगरपुर,डूंगरपुर,1
लैंड,लैंड,1
उछ्छरुंतला,उच्छृंखलता,0
फैलैया,फैलाइए,0
सुची,सूची,0
नून,नून,1
आरपी,आरपी,1
शिल्ड,सील्ड,0
पालनपुर,पालनपुर,1
इलेक्ट्रोस्टील,इलेक्ट्रोस्टील,1
एब्स्क्यूरा,ऑब्स्क्योरा,0
सिग्रेटन,सिगरेटों,0
दिखाई,दिखाईं,0
रससेल,रसल,0
नाजररनदाज,नजरंदाज,0
कुलालम्पुर,कुआलालंपूर,0
आस्टिन,ऑस्टिन,0
रेड््रास,रैडक्रास,0
टीएनसीएनएस,टीसीएनएस,0
स्वायत्तसासन,स्वायत्तशासन,0
मूड,मूड,1
दौलताबाद,दौलताबाद,1
भुलता,भूलता,0
प्रतिकारा,प्रतिकारा,1
निघ्ट्स,नाइट्रस,0
नाकाम,नाकाम,1
शट्टिंग,शुटिंग,0
राष्ट्र,राष्ट्रा,0
बेचकर,बेचकर,1
स्टोन,स्टोन,1
वारधा,वर्धा,0
दीडबल्युटी,डीडब्ल्यूटी,0
देसाभूला,देसबथुला,0
बापा,बापा,1
बगभान,बाघबान,0
आदेश,आदेशः,0
उडेलकर,उड़ेलकर,0
तरको,तर्कों,0
याद्दश््त,याद्दाश्त,0
इन्हेलेशन,इनहेलेशन,0
सफरागडंज,सफरदगंज,0
रूपक,रूपक,1
स्क्रैन्टन,स्क्रेनटन,0
वर्वन्यवस्वाादियों,वर्णव्यवस्थावादियों,0
शिक्षाकर्मियों,शिक्षाकार्मियों,0
खंडेलवाल,खंडेलवाल,1
बेवेरेज,बेवरेजेस,0
पिडिया,पीडिया,0
नदाफ,नदफ,0
जेहे,जेहे,1
ढहाएँगे,ढहाएँगे,1
मस्तमूला,मस्तमौला,0
अगरतला,अगरतला,1
जमया,जमाया,0
पर्देसी,परदेसी,0
आर्या,आर्यों,0
वेल्वेट,वेलवेट,0
आपदाएं,आपदाएं,1
आगाशे,आगाशे,1
अच्ची,अच्छी,0
उद्घोष,उदघोष,0
स्वभावतः,स्वभावतः,1
बानी,बानी,1
रायकर,राइकर,0
पिडिलाइट,पीडीलाइट,0
ड्यूल,ड्युअल,0
भीरा,भीरा,1
सिलवा,सिल्वा,0
अधिकरण,अधिकरन,0
रंगकता,रंजकता,0
श्रीचक्र,श्रीचक्र,1
गोमवुत्र,गौमूत्र,0
निचला,निचला,1
बुरहनपुर,बुरहानपुर,0
सहूलियता,सहूलियत,0
लब्ध,लब्ध,1
पूले,पूल,0
स्ट्राजन,स्ट्रेशन,0
पाकिंग,पीकिंग,0
ओडितार,ऑडिटर,0
डेनियार,डेनिअर,0
अजित,अजित,1
लैंगडोन,लैंगडन,0
अवशिष्ट,अवशिष्ट,1
जा,झ,0
प्रशस्निक,प्रशासनिक,0
बॉसियर,बोसीयर,0
बढाचाधकर,बढ़ाचढ़ाकर,0
गिरिडीह,गिरिडीह,1
भुज,भुज,1
रिडिंग,रीडिंग,0
फवारे,फव्वारे,0
अडवैत,अद्वैत,0
रुकते,रुकते,1
आनोनदिता,अनोंदिता,0
फोंटाना,फोंटाना,1
न्यूत्रियो,न्यूट्रियो,0
पैलोटन,पायलटों,0
जादें,जड़ें,0
बोरीवाली,बोरीवली,0
इलाईची,इलाइची,0
अलायंस,एलियंस,0
धम्मा,धम्मा,1
नहरगढ़,नाहरगढ,0
एनएसयूआई,एनएसआईयू,0
सपात,सपाट,0
लेंगदान,लैंगडन,0
पनामा,पनामा,1
पुटले,पुतले,0
आसापास,आसापास,1
अलवाधि,अल्वधि,0
मुफलिसी,मुफलिसी,1
संसाथान,संसथान,0
दर्शनार्थी,दर्शनार्थी,1
लोकोत्सव,लोकोत्सव,1
ग्राहकोनने,ग्राहकोंने,0
उच्चाधिकारियो,उच्चअधिकारीयो,0
भाव,बहाव,0
रेजा,रेजा,1
मोथरसन,मदरसन,0
कुपलैक्स,काॅप्लेक्स,0
आबुरोद,आबूरोड,0
हेडलबर्सगेट,हैडलबेर्गसिएट,0
चिमती,चिमटी,0
सर्केंट्ंस,सर्फेकटेंट्स,0
मिटाओ,मिटाओ,1
कैलना,कायलाना,0
तंकर,टंकार,0
ओड़कर,ओढ़कर,0
मर्ता,मेड़ता,0
मेगावल,मेगवाल,0
रस्यानिक,रसायनिक,0
सूचनाह,सूचनाः,0
सुगमाता,सुगमता,0
जॉकी,जोकि,0
मुनाफ,मुनाफ,1
निस्वर्थ,निस्वार्थ,0
क्षेत्रद्वारा,क्षेत्रद्वारा,1
महावर,महावर,1
बुलधाना,बुलढाना,0
धमकता,धमकाता,0
भुस्वमी,भूस्वामी,0
विज्ञान,विज्ञान,1
क्वेट,क्यूट,0
बेवकुफना,बेवकूफाना,0
जजमाउ,जाजमऊ,0
बेलट्रान,बेल्ट्रान,0
विलास,विलास,1
मख्मदुपुर,मखदुमपुर,0
कोलोराडो,कोलोराडो,1
ब्लैकबर्न,ब्लैकबर्न,1
सुनिति,सुनीति,0
घिघगी,घिग्घी,0
फ्लेवोनोइड्स,फ्लेवनाइड्स,0
चाहुनमुखी,चहुंमुखी,0
सुपाच्ये,सुपाच्य,0
सिरती,सिरती,1
विष्णु,विष्णु,1
चौड़ावन,चौदहवां,0
चौधरी,चौधरी,1
आब्रू,आबरू,0
बालूरक,बलुरक,0
दवनगेरे,दावणगेरे,0
अनुरित,अनुरीत,0
शिप्पिंग,शिपिंग,0
पटियाला,पटियाला,1
जानम,जानम,1
फाइनेंशल,फाइनेंसियल,0
दमाए,दमाए,1
पॉलिकी,पालिसी,0
आईसीसी,आइसीसी,0
कुछ्छ,कुच्छ,0
चीखना,चीखना,1
रिलायंस,रिलायंस,1
उर्वारों,उर्वरकों,0
रवायल,रवैल,0
लढ़कियों,लड़कियो,0
मुकेश्वरी,मुकेश्वरी,1
वनक्षेत्र,वनक्षेत्र,1
उम्मीदे,उम्मीदे,1
कहावह,कहावह,1
कांतिपूर्ण,कांतिपूर्ण,1
बदाएं,बड़ाएँ,0
एन्सीडरयलल्सी,एनसीआरडब्ल्यूसी,0
प्रतिबद्धता,प्रतिबद्धाता,0
फोलोव,फ़ॉलो,0
सेवामुक्ता,सेवामुक्त,0
एवंस्टन,इवान्स्टन,0
चरस,चरस,1
हिल्स,हील्स,0
रोबर्टसन,रॉबर्टसन,0
भदौरिया,भदौरिया,1
ग्लैक्समोक्थिलिने,ग्लैक्सोस्मिथक्लीन,0
प्रॉडक्टन,प्रॉडक्टों,0
गुएवरा,गेवारा,0
विज्ञानों,विज्ञानों,1
जारविस,जार्विस,0
लाफज,लफ्ज,0
फॉन्ट,फॉन्ट,1
पराधीन,पराधीन,1
शक्,शक़,0
गंझू,गंझू,1
डिटि,डिट,0
दंपतियों,दंपतियों,1
माधिखेखा,माड़ीखेड़ा,0
प्रतिष्ठानों,प्रतिष्ठानोंं,0
सूंद,सूंड़,0
गिंटे,गिनते,0
अलगलग,अलगअलग,0
स्वस्तिकार,स्वास्तिकाकार,0
प्रतिकरा,प्रतिकारा,0
आस्तिक,आस्तिक,1
निवेशकर्ता,निवेशकर्ता,1
सावल,सवाल,0
संस्कृतियां,संस्कृतियां,1
रौबदार,रौबदार,1
रघुराम,रघुराम,1
इंतराव्यू,इंटरव्यु,0
छरहरी,छरहरी,1
सावयेर,सॉयर,0
भासापा,भासपा,0
ज्वारों,ज्वारों,1
संस्थिता,संस्थिता,1
पर्शदों,पार्षदों,0
पुलात्सकर,पुलत्स्कर,0
उठाएंगे,उठाएँगे,0
लांगें,लाएंगी,0
ओईफ,ओईएफ,0
वालसाद,वलसाड,0
मुलों,मूलों,0
पुटलियां,पुतलियां,0
शममिल,शमिल,0
रिग्स,रिग्स,1
कैमारिलो,कैमेरिलो,0
सफलता,सफ़लता,0
विना्ट,विनष्ट,0
क्पिंग,कपिंग,0
जयलीलथा,जयललिता,0
आईटीएमएस,आइटम्स,0
सोसर,सॉकर,0
असफलाट,एस्फाल्ट,0
मेहरोत्रा,मेहरोत्रा,1
चुने,चुने,1
ज़राख,जरख,0
मेजबानी,मेज़बानी,0
मुफलिसी,मुफलिसी,1
लुना,लूना,0
वर्वण्यववसाादियों,वर्णव्यवस्थावादियों,0
लिपाई,लिपाई,1
उठनी,उठनी,1
बजाज,बजाज,1
हिसारह,हिसारः,0
दमपतियों,दंपतियों,0
वाटसन,वॉटसन,0
अगस्टस्टीन,अगस्टाइन,0
पताक्षेप,पटाक्षेप,0
धनधेखोरी,धंधेखोरी,0
उभ्रेगा,उभरेगा,0
एंटोन,एंटोन,1
अपरदर्शी,अपारदर्शी,0
निहलानी,निहलानी,1
तिवोली,टिवोली,0
होगिस,होगिस,1
विंटर,विंटर,1
बदलवाकर,बदलवाकर,1
घुमाई,घुमाई,1
पेटालुमा,पेटालुमा,1
बीमडबलयूमजीम,बीएमडब्ल्यूएम,0
बख्शते,बख्शते,1
संवेदीकरण,संवेदीकरण,1
टेलोन,तेलों,0
घुम्मकड़ों,घुमक्कड़ों,0
हाँफते,हांफते,0
फरहीन,फरहीन,1
जेमेस,जेम्स,0
किरापुर,कीरतपुर,0
रेडिंग,रेडिंग,1
शक्,शक़,0
सुरपाइज,सरप्राइज़,0
किसानों,किसानों,1
चलेंगे,चलेंगे,1
योडर,योडेर,0
स्टेन,स्टीन,0
पैथेलोजिस्ट,पैथेलॉजिस्ट,0
लेबलिंग,लेबलिंग,1
इक्थियोसिस,इक्थियोसिस,1
लिबरेशन,लिबरेशन,1
फूड़ों,फूडॉन,0
नन्हें,नन्हें,1
भदौरिया,भदौरिया,1
जातिला,जटिला,0
पहुंचनी,पहुंचनी,1
राष्ट्रों,राष्ट्रोंं,0
ब्लॉसोम,ब्लॉसम,0
टैंडन,टंडन,0
गडबडबड़ी,गड़बड़बड़ी,0
सनस्थिता,संस्थिता,0
यातराएं,यात्राएं,0
आंदन,आदान,0
जवते,जावते,0
नियुत्तियों,नियुत्तियों,1
बिश्म,भीष्म,0
हुण्डिया,हंडिया,0
मुर्गीपालन,मुर्गीपालन,1
मालेकर,मालेकर,1
लोवेलंड,लवलैंड,0
मावे,मावे,1
विकराम,विक्रम,0
हैंफटे,हांफते,0
बैराक्पोर,बैरकपुर,0
गाज़ियाबाद,ग़ाज़ियाबाद,0
टारकों,तर्कों,0
एसपीएफ,एसपीएफ,1
आर्टमिस,आर्टेमिस,0
एआईपीपी,ऐप्प,0
जयबन,जयबाण,0
गैरारीदातन,गैरइरादतन,0
विवेकाधीन,विवेकाधीन,1
सबाजूनिया,सबजूनियर,0
फलिया,फालिया,0
प्रेक्षकगणों,प्रेक्षकगणों,1
पूर्वासियों,पुरवासियों,0
विपन्नता,विपन्नता,1
माँग,मांगा,0
आर्डेनेंस,ऑर्डनेंस,0
प्रधान,प्रधान,1
अभियुक्तोंके,अभियुक्तोंके,1
विरातखण्ड,विराटखंड,0
हिजबुल,हिजबुल,1
विद्याओं,विद्याओं,1
मांजू,मंजू,0
छवींद्र,छविंद्र,0
छुपकर,छुपकर,1
दोरंडा,डोरंडा,0
सेम,सायं,0
मिठाईयाँ,मिठाइयाँ,0
जीवविज्ञानियों,जीवविज्ञानियों,1
पश्टुओं,पश्तून,0
ब्राहराचरिनी,ब्रह्राचारिणी,0
जेरूसेलम,यरूशलेम,0
अल्टामोनट,एल्टामोंटे,0
सिहुंता,सिहुंता,1
हेमवती,हेमवती,1
कोशाधिकारी,कोषाधिकारी,0
आशांका,आशंका,0
बेअन,बीन,0
वैज्ञानिकता,वैज्ञानिकता,1
झीलों,झीलों,1
रोबार्टो,रोबर्तो,0
श्रीरामपुर,श्रीरामपुर,1
मंचिया,मंचीय,0
वसूलता,वसूलता,1
मोरिसन,मोरीसन,0
माग्रंथ,महाग्रंथ,0
ट्रांसजिटर,ट्रांजिस्टर,0
सर्वजातिया,सर्वजातीय,0
पटोट्सव,पाटोत्सव,0
हौकी,हाॅकी,0
मेदिथस्थान,मेडिथ्सन,0
उड़ाना,उड़ाना,1
सरायमोहियदूनपुर,सरायमोहिउद्दीनपुर,0
पेटरस्बर्ग,पीटर्सबर्ग,0
रंजकठा,रंजकता,0
दिया,दीया,0
मोहिंदार,माेहिंदर,0
मास्तेक,मस्टेक,0
निर्बा,निर्बाध,0
एहसास,एहसास,1
अवरूतियों,आवृत्तियों,0
एशियावन,एशियवन,0
एचकी,थकी,0
टरबाइन,टरबाइन,1
दिमाक,दिमाक,1
जोधपुर,जोधपुर,1
दुरधारा,दरदरा,0
खास्तौर,ख़ासतौर,0
मकरानी,मकरानी,1
हिग,हाई,0
फतहही,फटही,0
मररिया,मारिया,0
गांव,गॉंव,0
पेंडुलम,पेंडुलम,1
आविष्कार,आविष्कार,1
नतिजेह,नतीजेः,0
जेफर्सनोिल,जेफरसनविल,0
ब्रह्मसिद्धि,ब्रह्मसिद्धि,1
तुलशीदास,तुलसीदास,0
रीता,रीता,1
चर्चामंच,चर्चामंच,1
प्रतिकारा,प्रतिकारा,1
तर्कवाड़,तर्कवाद,0
दबंगों,दबंगों,1
हिचकिचा,हिचकिचा,1
शीर्षकों,शीर्षकों,1
डीएमएम,डम,0
ड्वायर्थी,द्विअर्थी,0
जवाबाह,जवाबः,0
बहुमान,बहुमान,1
जांचकर्ता,जांचकर्ता,1
वंदेमातरम,वन्देमातरम्,0
शॉल्ड,शुड,0
अगस्ता,अगस्ता,1
नेयू,एनईयू,0
दस्ताखशुत्दा,दस्तखतशुदा,0
सुरिनामा,सूरीनाम,0
किंगखान,किंगखान,1
तरस,तरस,1
रिकेनेक्टिंग,रिकनेक्टिंग,0
फैब्रिक,फाइब्रिक,0
क्लेयर,क्लेयर,1
छेजत,छीजत,0
मोमिनटोला,मोमिनटोला,1
विरोध,विरोध,1
अरिना,अरेना,0
उनियोनवाड़ी,यूनियनवादी,0
बमलेश्वरी,बम्लेश्वरी,0
बोओका,बोका,0
इम्ट्युरिटि,इम्मैच्योरिटी,0
संस्थान,संसथान,0
जीन,जीन,1
ददरेवा,ददरेवा,1
किडे,कीड़े,0
करवानो,करावणौ,0
पुटिन,पुतिन,0
तंकार,टंकार,0
खटकती,खटकती,1
जड़्द,जड़,0
पुष्पा,पुष्प,0
जीएमएम,जीएम,0
युसुगी,युसूगी,0
कोरोला,कोरोला,1
प्याडे,प्यादे,0
करवायेगी,करवायेगी,1
बलातकारियों,बलात्कारियों,0
जतती,जताती,0
गुरदसापुर,गुरदासपुर,0
श्रेष्ठस्वरूप,श्रेष्ठस्वरूप,1
शुभप्रभा,शुभप्रभा,1
यूरोप्लास्ट,यूरोप्लास्ट,1
राष्ट्रभक्तों,राष्ट्रभक्तों,1
कैंटरबारी,कैंटरबरी,0
कम्मुनिकेटर्स,कम्युनिकेटर्स,0
महमांच,महामंच,0
कोनवे,कॉन्वे,0
डीएफडीएफ,डीडब्ल्यूएफ,0
रीव्स,रीव्स,1
दाभोई,डभोई,0
भूतल,भूतल,1
इनसानो,इंसानो,0
एमिली,एमिल,0
विज्ञानम,विज्ञानम,1
सपते,सपाटे,0
अटवाल,अटवाल,1
हिंदन,हिंडन,0
आफिसरी,ऑफिसरी,0
मोंटकेलियर,मोंटक्लेयर,0
पुर्नसवीकृत,पुर्नस्वीकृत,0
रिचर्डसन,रिचर्डसन,1
सन्द्रभ,संदर्भ,0
फरगो,फार्गो,0
अलीम,अलीम,1
सप्तक्रांती,सप्तक्रांति,0
हुआर,एचआर,0
इमानदारी,इमानदारी,1
कोन्ट्रेकिंग,कॉन्ट्रेक्टिंग,0
गंगाजल,गंगाजल,1
गौर,गौर,1
अधिकारियों,अधिकरियों,0
बांधन,बंधान,0
सेंढा,सेंधा,0
दाबल्यपपदि,डब्ल्यूपीडी,0
ग्रेविटा,ग्रविटा,0
लिनकॉल,लिंगकन,0
प्रावृत्विज्ञानियों,प्रवृत्तिविज्ञानों,0
सीमेंटेशन,सीमेंटेशन,1
बगाड़,बगड़,0
जेंट्री,जेन्ट्री,0
डाटसन,डैटसन,0
मोंटेबेलो,मोंटेबेल्लो,0
रेनेवेबल्स,रिन्यूएबल्स,0
नक्सलववाद,नक्सलवाद,0
एतराज,ऐतराज़,0
इतिभागवती,इतिभगवती,0
निवेशकर्ता,निवेशकर्ता,1
पटकथाएं,पटकथाएं,1
काबिलेटारिफ,काबिलेतारीफ,0
भादास,भादस,0
भोगते,भोगते,1
होल्डिंग,होल्डिंग,1
ढट्टा,धत्ता,0
ढोरों,धोरों,0
उपाख्यानों,उपाख्यानों,1
फेयटेटविले,फयेत्तेविल्ले,0
स्टॉक्टन,स्टॉकटन,0
ब्रिजेश,ब्रजेश,0
प्रतिज्ञा,प्रतिज्ञा,1
बढ़ाती,बढ़ाती,1
थेन,थेन,1
थोमास,थॉमस,0
ध्येयवाडी,ध्येयवादी,0
तुसेड्य,ट्यूजडे,0
वीजीपीएल,डब्ल्यूजीपीएल,0
ओवुम,ओवम,0
गाटी,गति,0
न्क्यूलस,न्यूक्लियस,0
करार,क़रार,0
पूरूषोत्तमारी,पुरूषोत्तमाचार्य,0
मानचंदा,मनचंदा,0
लाहसुन,लहसुन,0
नकाब,नक़ाब,0
सुजा,सूजा,0
मैकेनजी,मैकेंज़ी,0
पुर्जों,पुर्जों,1
बहुंत,बहुंत,1
ब्रावो,ब्रावो,1
अमानत,अमानत,1
झुठला,झुठला,1
बुश,बुश,1
चौखते,चौखटे,0
अपार,अपर,0
एस्थेटिक,एस्थेटिक,1
क्षेत्रद्वारा,क्षेत्रद्वारा,1
सज्जा,सज्जा,1
धहाने,ढहाने,0
नरियायुल्क्त,नारियलयुक्त,0
जीलोस,जूलूस,0
कुर्सियो,कुर्सियॉ,0
सिंघाड़े,सिंघाड़े,1
एमी,एमी,1
अंतरमुख,अंतर्मुख,0
ठक्कर,ठक्कर,1
बडबोलेपन,बड़बोलेपन,0
नक्ललियों,नक्सलियों,0
मैनर,मैनर,1
हिमाली,हिमाली,1
नक्सलावाद,नक्सलवाद,0
हाल्फ,हॉफ,0
महाधर्मध्यक्षा,महाधर्माध्यक्ष,0
पारमाउजुद,परमौजूद,0
टिप्पणीकार,टिप्पणीकार,1
पेरेल्स,पेरेल्स,1
भपपी,भपाई,0
बीताने,बीताने,1
वाल्वे,वाल्व,0
द्विरूकता,द्विरुक्त,0
एडीडी,एड्डी,0
जीवनियां,जीवनियां,1
पंघल,पंघाल,0
खण्ड,खंडा,0
उरवर्कों,उर्वरकों,0
बेसिन,बेसिन,1
गिरिवासियों,गिरिवासियों,1
पराधीन,पराधीन,1
पुखता,पुख़्ता,0
अचनेरा,अछनेरा,0
कार्सन,कार्सन,1
डेल्टा,डेल्टा,1
त्रिपुरा,त्रिपुरा,1
अलयमानी,अलयमनी,0
खेड़ा,खेड़ा,1
नहरगढ़,नाहरगढ,0
शालीमार,शालीमार,1
इम्माइच्योरिटी,इम्मैच्योरिटी,0
एलेंडट,एलएंडटी,0
प्रोफररासेबुक,प्रॉपरफेसबुक,0
उदानों,उड़ानों,0
महाजन,महाजन,1
मोसेस,मोसेस,1
बतायाकी,बतायाकि,0
अलाई,अली,0
इलैक्ट्रोमीटर,इलेक्ट्रोमीटर,0
अमोड,आमोद,0
रूकेंगे,रूकेंगे,1
मारिया,मारिया,1
रागों,रागों,1
आइपीएफ,आइपीएफ,1
फलितर्था,फलितार्थ,0
सुपाची,सुपाच्य,0
अवाशिस्त,अवशिष्ट,0
इशत,ईष्ट,0
रते,रेट,0
आटा,आटा,1
महलों,महलों,1
वारिष्ठों,वरिष्ठों,0
जलापोट,जलपोत,0
कातरीना,कैटरीना,0
जिस्मफरोशी,जिस्मफरोशी,1
सालरी,सैलरी,0
राजा,रज़ा,0
रेक्टेयर,रैकेटियर,0
बासिल,बेसिल,0
बढ़ाता,बढ़ाता,1
चरणबद्ध,चरणबद्घ,0
भड़काया,भड़काया,1
साहित्योत्सव,साहित्योत्सव,1
नरसिपुरा,नरसीपुरा,0
समझुंगा,समझूंगा,0
चंद्रपुर,चंद्रपुर,1
सरका,सरका,1
धाह,ढाह,0
प्रौध,प्रौढ,0
अहितकारी,अहितकारी,1
दारावाणी,डरावनी,0
बेलिंदा,बेलिंडा,0
अलयामणी,अलयमनी,0
डाटसन,डैटसन,0
एटी,अते,0
फास्टेनर्स,फास्नर्स,0
बंगरावाला,बंगरावाला,1
सैरा,सायरा,0
अट्ठास,अट्टहास,0
निर्दल,निर्दल,1
महबूबनगर,महबूबनगर,1
डराते,डराते,1
वाल्ककान,वल्कन,0
खस्तौर,ख़ासतौर,0
बरसाई,बरसाई,1
आनंदायक,आनंददायक,0
बनबी,बांबी,0
टोह,तो,0
असमान्ये,असमान्य,0
विपान्ना,विपन्नता,0
स्पास्ट,स्पस्ट,0
अमज़रा,अमझेरा,0
बेचकर,बेचकर,1
घटाबा,घटबढ़,0
कौशलता,कौशलता,1
माचीन,मशीन,0
वायरलेस,वायरलेस,1
फैन,फैंन,0
गाँो,गानो,0
खम्भाट,खंभात,0
क्याईपीस,क्यूआईपीएस,0
डब्लिन,डबलिन,0
एमटीए,एमटीए,1
समरुद्धियों,समृद्धियों,0
राधाक्षरणदास,राधाकृष्णदास,0
कांस्टिंग,कांस्टिंग,1
इदुक्की,इड्डुक्कि,0
इंडस्ट्रीयल,इंडस्ट्रियल,0
भारतवंशी,भारतवंशी,1
माँगी,मांगी,0
रॉबिंस,रॉबिंस,1
व्लादिमिर,व्लादिमीर,0
पेहोवा,पेहोवा,1
बाघ,बाग,0
उम्मीदवारी,उम्मीदवारी,1
साफगोई,साफगोई,1
कूट्टा,कूत्ता,0
अदान,एडेन,0
ग्रेनाइट,ग्रेनाइट,1
उस्तरा,उस्तरा,1
धूंधता,ढूंढता,0
संघीयता,संघीयता,1
कुमारी,कुमारी,1
देप्थिरिया,डिप्थीरिया,0
अड़चने,अड़चने,1
कोरियाह,कोरियाः,0
प्रापत,प्रपात,0
छुड़वाया,छुड़वाया,1
सुइयां,सूइयां,0
वेरोनिका,वेरोनिका,1
श्फेलर,स्कैफलर,0
ज्यादा,ज़यादा,0
पॉटर,पॉटर,1
मेडिया,मीडिया,0
यारूशलेम,यरूशलेम,0
पिछडे,पिछड़े,0
लेटासेंग,लेटसेंग,0
अर्थव्यवस्थाओताओं,अर्थव्यवस्थताओं,0
काकू,काकू,1
निर्देशिका,निर्देशिका,1
सेटो,सेटो,1
नवते,नवाते,0
संवेदनेशलता,संवेदन्शीलता,0
रोडरेज,रोडरेज,1
छहों,छहों,1
लाफज,लफ्ज,0
वंशवाद,वंशवाद,1
रोहतक,रोहतक,1
अटकता,अटकता,1
बावरा,बावरा,1
क्रिबर्भ,कृबरभ,0
प्रकाशाह,प्रकाशकः,0
स्टाइर्युलोशन,स्टायरोल्यूशन,0
अपारदर्शी,अपारदर्शी,1
बेंगलूरू,बेंगलुरु,0
अंधापन,अंधापन,1
मैनान,मैनन,0
क्याह,क्याः,0
फ़ॉर्मुला,फार्मूले,0
हमालावर,हमलावर,0
अमावस्य,अमावस्या,0
पूर्वापेक्षाओं,पूर्वापेक्षाओं,1
दैशवाला,डैशवाला,0
ओकलाहोमा,ओकलाहोमा,1
दरमैत,डारमैट,0
सहाकलार,सहकलाकार,0
फातमा,फातमा,1
खलाती,खलती,0
दयित्व,दायित्व,0
क्युसैक्स,क्यूसैक्स,0
तोलकर्मी,टोलकर्मी,0
वर्जन,वर्शन,0
परिसामवाद,परिसंवाद,0
इम्युने,इम्युन,0
बचती,बचती,1
यूटीलाइटीज,यूटिलिटीज,0
मालमास,मलमास,0
कैडमियम,कैडमियम,1
एंटीयोच,एन्टीओक,0
खटेडार,खातेदार,0
मोहिणी,मोहिनी,0
विश्वसनियता,विश्वसनीयता,0
रेमान,रहमान,0
काबलों,कंबलों,0
आर्यिका,आर्यिका,1
मार्रेज,मैरेज,0
छींक,छींक,1
फलाता,फलता,0
बागोरा,बागोरा,1
पकौड़े,पकौड़े,1
लूसिय,लूसी,0
फतेहगढ़,फतेहगढ़,1
ग्रहणकाल,ग्रहणकाल,1
जॉब्स,जॉब्स,1
सदानंद,सदानंद,1
डुट्ट,दत्त,0
मुर्गीपालन,मुर्गीपालन,1
लुरहकते,लुढ़कते,0
पाल्मोनरी,पल्मोनरी,0
विन,डब्ल्यूआईएन,0
उभारा,उभारा,1
बेक,बेक,1
पदरौना,पडरौना,0
बंघते,बांधते,0
कपूर,कपूर,1
सेवाला,सेवाला,1
वर्शन,वर्शन,1
चिढ़ते,चिढ़ते,1
थाने,थाणे,0
निकलोगी,निकलेगी,0
मोगाली,मोगली,0
ड्रेजर,ड्रेजर,1
नागरिक,नागारिक,0
गाीपुर,गाजीपुर,0
वडक,वादक,0
मिचेल,मिचेल,1
ग्यात्वी,ज्ञातव्य,0
स्तनधारी,स्तनधारी,1
धोराजी,धोराजी,1
अब्दुन्नासीर,अब्दुन्नासिर,0
विश्ववंध्य,विश्ववंद्या,0
सत्यार्थप्रकाश,सत्यार्थप्रकाश,1
शिवामोग्गा,शिवमोगा,0
घुमकक्डी,घुमक्कड़ी,0
गायें,गाएं,0
ची,ची,1
थिएटरों,थिएटरों,1
अनाधिकारिक,अनाधिकारिक,1
शासक,शासक,1
हाइन्स,हाइंस,0
बेट्याह,बेतिया,0
धटना,धटना,1
रहमत,रहमत,1
मोतिहारी,मोतिहारी,1
पीयर्न,पियरसन,0
उजबैक,उज़्बेक,0
व्हीलिंग,व्हीलिंग,1
पायोगारास,पाइथागोरस,0
विप्रो,विप्रो,1
काबिलेटारीफ,काबिलेतारीफ,0
जमाते,जमाती,0
पुलम,पुलम,1
दौबारा,दौबारा,1
पोर्टिलो,पोर्टिलो,1
अधिक,अधीक,0
धूमरापन,धुम्रपान,0
दामपत्य,दांपत्य,0
जामुडिया,जामुड़िया,0
पेडू,पेडू,1
पीपरा,पिपरा,0
ब्लेयर,ब्लेयर,1
कम्मुनिकेशन्स,कम्यूनिकेशन्स,0
अलायन्स,अलायंस,0
अरादास,अरदास,0
गुडना,गुदना,0
जस्ट,जस्ट,1
आवाजों,आवाज़ों,0
बेनवार,बेंवर,0
अमारिलो,अमारिलो,1
ब्रम्हाण्ड,ब्रह्माण्ड़,0
दिखाई,दिखार्इ,0
तंत्रो,तंत्रों,0
आसन,आसान,0
तुगलाकाबाद,तुगलकाबाद,0
सुट्टन,सट्टन,0
कन्दरौर,कंदरौर,0
खान्ना,खन्ना,0
निकलनी,निकालनी,0
दिबानू,डिबनू,0
इम्माच्योरिती,इम्मैच्योरिटी,0
तोलासन,तोलासन,1
जानकारी,जानाकरी,0
लीवाल,लिवाल,0
एंजेलिन,एंजेलिन,1
रूषिता,ऋषिता,0
फ्लिंट,फ्लिंट,1
वृश्चिकसह्पत,वृश्चिकःसप्ताह,0
आसमती,आसमती,1
गिरकर,गिरकर,1
वैज्ञानिक,वैज्ञानिक,1
बिशधी,बिशड़ी,0
फूलती,फूलती,1
पुनास्थापना,पुनःस्थापना,0
बाध,बाध,1
गांधा,गंध,0
चक्षु,चक्षु,1
मिक्तम,मिकटॉम,0
लिदारों,लीडरों,0
ज़बरदस्त,ज़बर्दस्त,0
स्टूटी,स्तुति,0
औरतो,औरतो,1
हेबलिकर,हेब्लिकर,0
रत्तेबाजी,रट्टेबाजी,0
फ्रेंसिक्सा,फ्रांसिस्का,0
मुम्बा,बंबा,0
प्रतियुक्ति,प्रतियुक्ति,1
दराती,डराती,0
प्रानों,प्राणों,0
मेडिसन,मेडिसन,1
निभाएगी,निभाएगी,1
मायर्स,मयर्स,0
काश्यप,कश्यप,0
ब्रिगेडियर,ब्रिगेडियर,1
अम्बिकाओं,अम्बिकाओं,1
होगाह,होगाः,0
ईशाक,इशाक,0
सुमी,सुमि,0
देशभक्तमय,देशभक्तिमय,0
धर्माप्तियाँ,धर्मपत्रियां,0
कृष्णनगर,कृष्णानगर,0
ईएए,ईए,0
आयुधनिरमानी,आयुधनिर्माणी,0
ताजा,ताजा,1
अजस्रा,अजस्र,0
फिजूलखर्ची,फिजूलखर्ची,1
मंत्रययों,मंत्रयों,0
तंता,तांता,0
डीलरशिप,डीलरशिप,1
चेपेल,चैपल,0
ध्वनिमिकों,ध्वनिमिकों,1
एडुकेशन,एजुकेशन,0
जराख,जरख,0
नीत,नीट,0
जिलवासियों,जिलावासियों,0
सम्प्रभुता,संप्रभुता,0
कसेगा,कसेगा,1
पाकनेवाला,पकानेवाला,0
दीपन,दीपन,1
कलसाना,कलसाना,1
मुगालता,मुगालता,1
टोकने,टोकने,1
फलीभूत,फलीभूत,1
ज्ञान्थ,ग्योंठ,0
दिखाई,दिखार्इ,0
शामजीभाई,शामजीभाई,1
पहनाकर,पहनाकर,1
किसानी,किसानी,1
उधारादाताओं,उधारदाताओं,0
रामतेक,रामटेक,0
व्याख्यात्मकता,व्याख्यात्मकता,1
सोमवार,साेमवार,0
विस्ता,विस्टा,0
पोलिमर,पॉलिमर,0
रक्ताभ,रक्ताभ,1
भुगता,भुगता,1
भ्रष्टाचारियों,भ्रष्टाचारीयों,0
खटकती,खटकती,1
मुख्यमंत्रियों,मुख्यमन्त्रियों,0
एमडी,मैड,0
कक्षांग,कक्षांग,1
जैन,जैन,1
महिन,महीन,0
सुरवाना,सुर्वणा,0
बाँगरोटिया,बांगरोटिया,0
रसायनिक,रसायनिक,1
औरोरा,औरोरा,1
चमचगिरी,चमचागिरी,0
एनआीआरसीवी,एनसीआरडब्ल्यूसी,0
ऐंठे,ऐंठे,1
एस्सेल,एस्सेल,1
देशसेवा,देशसेवा,1
इलेक्ट्रोटेक्स,इलेक्ट्रोटेक्स,1
वर्कचर्ज,वर्कचार्ज,0
कारवाई,कार्वाई,0
झंकता,झांकता,0
अर्जेंट,अर्जेंट,1
सप्रमण,सप्रमाण,0
मौर्य,मौर्यों,0
जिनी,जिनी,1
जगदीशचंद्र,जगदीशचंद्र,1
असुरक्षित,असुरक्षित,1
काव्योक्तियाँ,काव्योक्तियां,0
अलंकार,अलंकार,1
स्वद्प्रेमियों,स्वादप्रेमियों,0
जाटक,जातक,0
रॉलर्स,रोलर्स,0
अशक्तता,अशक्तता,1
काठियावड़ी,काठियावड़ी,1
आवृति,आवृत्ति,0
विद्यायें,विद्याएं,0
विधिवत्,विधिवत,0
राधे,राधे,1
मुख्यमंत्रिमादस्ता,मुख्यमंत्रीसंवाददाता,0
प्रांसंगली,प्राणसंगली,0
कनालॉग,कनलोग,0
पुदुकोक्टई,पुदुकोट्टई,0
निकी,निकी,1
फुहाड़ता,फूहड़ता,0
पटाचेप,पटाक्षेप,0
रिट्रीट,रीट्वीट,0
मनोवैज्ञानियों,मनोवैज्ञानियों,1
स्टानाधारी,स्तनधारी,0
मुख्योपयध्याय,मुखोपाध्याय,0
निर्बाध,निर्बाध,1
टोडने,तोडऩे,0
अवुति,आवृत्ति,0
परीक्षणकर्ताओं,परीक्षणकर्ताओं,1
एक्सैटक्टर,एक्सटेक्टर,0
नशिक,नाशिक,0
रसानों,रसायनों,0
वैत्रवती,वैत्रवती,1
ओगरेनाज,ऑग्रेनाइज,0
चौसिंघा,चौसिंगा,0
फलोडी,फलोदी,0
स्खालन,स्खलन,0
पनामा,पनामा,1
निगार,निगर,0
मोंटे,मोंटे,1
सुनीति,सुनीति,1
श्रबों,शराबों,0
अम्बिकाओं,अम्बिकाओं,1
गुजरा,गुजारा,0
फोटोफ्रेम,फोटोफ्रेम,1
प्रहलाद,प्रहलाद,1
बीसवां,बीसवां,1
द्विवेदी,द्विवेदी,1
देनेवाली,देनेवाली,1
बर्लेसन,बर्ल्सन,0
भरद्वाज,भारद्वाज,0
जताती,जताती,1
मालेगांव,मालेगांव,1
रहुगाँ,रहुगाँ,1
महामंत्र,महामंत्र,1
बीअस्ट,बीस्ट,0
दिव्यता,दिव्यता,1
सांजीवन,संजीवन,0
कुपोषित,कुपोषित,1
एक्सक्लेशन,एक्सक्लेशन,1
चढ़ेगा,चढ़ेगा,1
तेसकर्कना,टेक्सरकाना,0
डंजरपुर,डूंगरपुर,0
सराही,सराही,1
लालपरी,लालपरी,1
एरोनॉटिक्स,एरोनॉटिक्स,1
वॉर्थ,वर्थ,0
आस्तीन,आस्तीन,1
स्वप्निका,स्वप्निका,1
उपकारलययों,उपकार्यालयों,0
मिमिक्री,मिमिक्री,1
बल्लभ,बल्लभ,1
वैरिफिकेशन,वैरीफ़िकेशन,0
हैकेनसैक,हैकेंसैक,0
आकाश,आकाश,1
बोना,बोना,1
क्लॉक,क्लाक,0
दफान,द़फन,0
पेगाव,पेगव,0
कहलाया,कहलाया,1
मधीखेखा,माड़ीखेड़ा,0
टेलीबाग,तेलीबाग,0
धारक,धारक,1
निकालनी,निकालनी,1
कांघे,कंघे,0
प्रश्नोत्तरी,प्रश्नोत्तरी,1
काकीनाडा,काकीनाड़ा,0
भाग्योदय,भाग्योदय,1
सिंगर,सिंगार,0
मचाये,मचाए,0
लेखकगणों,लेखकगणों,1
उछलने,उछालने,0
धर्मराजने,धर्मराजने,1
अंजल,ऐंजल,0
बंटता,बंटता,1
फर्म,फाॅर्म,0
रावेल,रवैल,0
हनुमानगढ़,हनुमानगढ़,1
वीरांगनाओं,वीरांगनाओं,1
गैत्री,गायत्री,0
वेंकटरमान,वेंकटरमन,0
दिबनू,डिबनू,0
पूरूषोत्तमरायी,पुरूषोत्तमाचार्य,0
संयोजकों,संयोजकों,1
झाऊगंज,झाउगंज,0
सरकरें,सरकारें,0
न्वेटेस्ट,न्यूटेस्ट,0
श्रीकर,श्रीकर,1
मिताओ,मिटाओ,0
दियोत्सिद्ध,दियोटसिद्ध,0
भूपसिंह,भूपसिंह,1
चर्चाएं,चर्चाएँ,0
प्रसारकों,प्रसारकों,1
निष्पाप,निष्पाप,1
फ्लिन,फ्लिन,1
रण्ीीबतान,रणनीतिबना,0
ईयारीज,ईआरजी,0
ढागा,धागा,0
गोमुख,गौमुख,0
जुड,जूड,0
खनिकर्मी,खनिकर्म,0
शराभ,शरभ,0
अरेलानो,अरेलानो,1
उखाधकर,उखड़कर,0
लेनेवाली,लेनेवाली,1
कुमार,कुमार,1
सिंघडे,सिंघाड़े,0
टॉन्सिल,टोंसिल,0
वदिंदरपाल,दविन्दरपाल,0
सिंगार,सिंगार,1
खिसकते,खिसकते,1
एनिड,एनिड,1
मेगापिक्सल,मेगापिक्सल,1
डिग्विजय,दिग्विजय,0
फज़लों,फजलों,0
डाज,दोगे,0
लबेलों,लेबलों,0
मुनाफा,मुनाफा,1
बढ़ने,बड़ने,0
वेरी,वैरी,0
सातसेरा,सातसेरा,1
ओर्टेगा,ओर्टेगा,1
रॉवे,रोवे,0
भटिया,भाटिया,0
राजस्थांवासियों,राजस्थानवासियों,0
बागबगेचों,बागबगीचों,0
विलकिंसन,विल्किंसन,0
दराती,डराती,0
अटके,अटके,1
प्रमुखातूर्वक,प्रमुखतापूर्वक,0
यातना,यत्न,0
नितीन,नितिन,0
सिटी,सिटी,1
रैडिको,रेडिको,0
दुकानों,दुकानों,1
जलसंसाधन,जलसंसाधन,1
मसें्द्रनाथ,मत्स्येंद्रनाथ,0
बेहर,बिहार,0
बर्शीय,बर्षीय,0
अवरू,अवरु,0
ड्वा,दाव,0
नकाब,नक़ाब,0
सरेगामा,सारेगामा,0
हुगली,हुगली,1
सत्ति,सत्ती,0
एनईगी,नेग,0
महाबलेश्वर,महाबलेश्वर,1
प्लेसेंटिया,प्लेसेंटिया,1
वरसाचे,वर्साचे,0
कुमौ,कुमाऊ,0
एएमआई,एमी,0
थिएट्र्स,थियेटर्स,0
एरिका,एरिका,1
खिंचकर,खिंचकर,1
रौबादार,रौबदार,0
अल्टो,ऑल्टो,0
काव्यविधाओं,काव्यविधाओं,1
कून,कून,1
अक्रों,अक्रोन,0
तखहाना,तहखाना,0
समाजनों,समाजजनों,0
मचाये,मचाए,0
सूर्यदेव,सूर्यदेव,1
प्रथममिक,प्राथमिक,0
प्रावृत्रियों,प्रवृत्रियों,0
ताजा,ताजा,1
जिवनशैली,जीवनशैली,0
रक्तदाताओं,रक्तदाताओं,1
बलेश्वर,बालेश्वर,0
भौतिकवादियों,भौतिकवादियों,1
लगातीं,लगातीं,1
झइयां,झाइयां,0
वंशवाद,वंशवाद,1
नावागर,नवानगर,0
नारानजादाज,नजरंदाज,0
अनंशांकन,अंशांकन,0
फुंकने,फुंकने,1
मतपत्रों,मतपत्रों,1
मोडुले,मॉड्यूल,0
फ़र्म्स,फार्म्स,0
पहुंचोगी,पहुंचोगी,1
मादी,मैडी,0
थिएफ,थीफ,0
प्फॉल्डर,फाउडलर,0
अमित,अमित,1
पूर्वभररदपद,पूर्वाभाद्रपद,0
लंडारा,लंगड़ा,0
गोनपो,गोंपो,0
वेस्ले,वेस्ले,1
शाओ,शाओ,1
हमीदान,हामिदन,0
वीक्स,वीक्स,1
मिनेरल,मिनरल,0
सेंटेन्यनल,सेंटेंनियल,0
बस्तियो,बस्तियो,1
बग्गाबिचों,बागबगीचों,0
प्राणिट,प्रनीत,0
भेदाभावों,भेदभावों,0
कराहना,कराहना,1
ग्रीनविले,ग्रीनविल,0
शेरावत,सहरावत,0
रलौउद,रालोद,0
जटकों,जातकों,0
रिश्ते,रिश्ते,1
बेंटोनविले,बेंटनविल,0
नाजीबाबाद,नजीबाबाद,0
फाइनेंशर्स,फाइनेंसर्स,0
फटही,फटही,1
केराला,केरला,0
लड़ाइयों,लड़ाईयों,0
हरिजन,हरिजन,1
व्हाईटकर,वाईटेकर,0
विदिशा,विदिशा,1
पौल,पॉल,0
अर्यों,आर्यों,0
खिलाना,खिलाना,1
छुटने,छूटने,0
दुखियों,दुखियों,1
पूर्णेश्वरी,पूर्णेश्वरी,1
विसाबल,विसबल,0
दराम्यानी,दरम्यानी,0
यारी,यारी,1
विधामान,विधमान,0
यातराएं,यात्राएं,0
सनटेक,सनटेक,1
गुजरता,गुजारता,0
नियांता,नियंता,0
डुम,डम,0
अवास्थि,अवस्थी,0
प्लस,पल्स,0
भेन,भें,0
स्टॉप्स,स्टॉप्स,1
ढकेलते,धकेलते,0
केपीओ,केपीओ,1
डमघोंटू,दमघोंटू,0
इनसानो,इंसानो,0
मेरेज,मैरेज,0
असफला,एस्फाल्ट,0
लॉन्ड्री,लॉन्ड्री,1
रत्नाभूषण,रत्नाभूषण,1
एसकीआई,स्की,0
दुश्वारियों,दुश्वारियों,1
अनुप्रयोगों,अनुप्रयोगों,1
देशसेवा,देशसेवा,1
लेला,लेलऽ,0
जगरागलू,जगारागल्लू,0
मेजबानी,मेजबानी,1
देहरी,डेहरी,0
चक्कर,चक्कर,1
क्राफोर्ड,क्रोफोर्ड,0
गुडुरी,गुदुरी,0
डीवीवी,डीवीसी,0
प्रक्रियगत,प्रक्रियागत,0
नाग,नग,0
मात्सवयातर,मत्स्यावतार,0
स्कूटरों,स्कूटरों,1
अर्धविशाव,अर्धविश्वास,0
दरम्यानी,दरम्यानी,1
सुरवना,सुर्वणा,0
स्थितियां,स्थितियां,1
धर्मानंद,धर्मानंद,1
सॉफरन,सॉफ़्नर,0
स्क्वैश,स्क्वैश,1
विधानसभाएं,विधानसभाएं,1
रंडोल्फ,रैंडोल्फ,0
मेज़बान,मेज़बान,1
स्पृत,स्प्रिट,0
शीलाभंग,शीलभंग,0
कलमें,कलमें,1
स्वर्णिका,स्वर्णिका,1
मांदी,मंडी,0
अर्थव्यवस्थाओताओं,अर्थव्यवस्थताओं,0
कुंडललिया,कुंडलियाँ,0
निमकठाना,नीमकाथाना,0
फर्म,फाॅर्म,0
हत्यारोपित,हत्यारोपित,1
पुत्ता,पुट्टा,0
फॉरेंसिस,फारेंसिस,0
पूरूषोत्तमरायरी,पुरूषोत्तमाचार्य,0
बॉन्ड्स,बॉंन्ड्स,0
शिकायकत्ता,शिकायतकर्ता,0
क्रानफ्रेंसिंग,क्रान्फ्रेंसिंग,0
उबल,उबाल,0
बाबाओ,बाबाओ,1
हलमतपुरा,हलमतपुरा,1
हकीीकत,हकीकत,0
बरमान,बर्मन,0
वर्तमान,वर्तमान,1
बांतीं,बांटीं,0
अचनभा,अचंभा,0
जीवनपर्यंत,जीवनपर्यंत,1
वादारा,वदरा,0
सदाकें,सडक़ें,0
एआईएसए,एेसा,0
ज्योतिशाष्ट्रों,ज्योतिष्यशास्त्रों,0
पायागोरस,पाइथागोरस,0
एंजेलिन,एंजेलिन,1
कोपलोकल्पना,कपोलकल्पना,0
द्रोपाडियों,द्रोपदियों,0
रॉजलिन,रोजलिन,0
श्रीराम,श्रीराम,1
गोपालक,गोपालक,1
बंगबंधु,बंगबंधु,1
मिस्त्रियां,मिस्त्रियां,1
उसेय,उसेे,0
मेरकाडो,मर्काडो,0
मैसोर,मैसोर,1
अफ़शॉर,ऑफशोर,0
कपुर्थला,कपूरथला,0
सहोवलिया,साहोवालिया,0
मलादहिया,मलदहिया,0
हाइमेन,हाइमन,0
इंदौरनगर,इंदौरनगर,1
विशेषाज्ञताओं,विशेषज्ञताओं,0
उसकी,उसकी,1
कैपलिन,कैपलिन,1
महाप्रण,महाप्राण,0
रूपेश,रुपेश,0
रेनो,रिनो,0
सुदीप्तों,सुदीप्तों,1
स्वामी,स्वामी,1
आमारा,अमारा,0
व्यवस्थामूलक,व्यवस्थामूलक,1
सेनसिंग,सेंसिंग,0
टाइलर,टाइलर,1
सांगररेड्डी,संगारेड्डी,0
पहनो,पहनो,1
मर्दानी,मरदानी,0
बमलेश्वरी,बम्लेश्वरी,0
दीवानी,दिवानी,0
फिनकॉर्प,फिनकॉर्प,1
नवा,नवा,1
शिमत,शिमट,0
सोहावल,सोहावल,1
बनाम,बनाम,1
प्रावृत्रियों,प्रवृत्रियों,0
शियोंग,शियोंग,1
वार्स्टेड,वर्स्टेड,0
राजों,राजों,1
चीखना,चीखना,1
नैमुल,नैमुल,1
बधोत्री,बढ़ोतरी,0
एंटोनी,एंटोनी,1
छन्यासा,छांयसा,0
निर्देशिका,निर्देशिका,1
निपटारा,निपटारा,1
जुडने,जुडने,1
सुझती,सुझाती,0
पैथोलाजिस्ट,पैथेलॉजिस्ट,0
ताइड,टाइड,0
श्रुंगर,शृंगार,0
ब्रांडेस,ब्रान्डेस,0
पर्मेश्वरपुर,परमेश्वरपुर,0
जेड़ीसाफ़्ट,जेडटीईसाफ्ट,0
उद्धातन,उद्धाटन,0
स्टान,स्टैन,0
आदिवादियों,आदिवादियों,1
जुलाहों,जुलाहों,1
महाराजा,महाराजा,1
गातिशीलता,गतिशीलता,0
शिप्रा,शिप्रा,1
त्रिबुनल,ट्रिब्युनल,0
खाइबर,ख़ैबर,0
वनविभाग,वनविभाग,1
घटाटोप,घटाटोप,1
धर्माग्रंथों,धर्मग्रंथों,0
प्रावृत्तियों,प्रवृत्तीयों,0
गांथ,गांठ,0
माइसोर,मैसोर,0
सहगल,सहगल,1
नमकिन,नमकीन,0
वैध,वैध्,0
वनस्पतियाँ,वनस्पतियाँ,1
जिआंगकोउ,जियांगकोऊ,0
पखंडी,पाखंडी,0
प्रोटेक्ट्स,प्रोटेक्ट्स,1
एल्बानो,एल्बाइनो,0
लिन्डेन,लिंडेन,0
सोहवल,सोहावल,0
भुरभूरा,भुरभुरा,0
गैस्ट्रोलॉजी,गैस्ट्रोलॉजी,1
विद्रूप,विद्रूप,1
सजसजज्जा,साजसज्जा,0
रात्रीचार,रात्रिचर,0
रोजना,रोजना,1
जलभराव,जलभराव,1
मांटगोमेरी,मोंटगोमरी,0
सेव,सेव,1
भ्रस्त्राचारियों,भ्रष्ट्राचारियों,0
डीएनडीएन,डीडब्ल्यूएन,0
स्ट्रेशन,स्ट्रेशन,1
गांठे,गांठे,1
गहलोट,गहलोत,0
छतेनी,छतेनी,1
विश्वसनीय,विश्वसनीय,1
जीवनियां,जीवनियां,1
दस्तानें,दस्तानें,1
धोना,धोना,1
खरूवार,खरुवार,0
सूरिनामे,सूरीनाम,0
मंगलसिंह,मंगलसिंह,1
अन्योन्याृष्ट,अन्योन्याश्रितता,0
निंटीज,नाइनटीज,0
पाँचोआलास,पांचोलास,0
रेसोन,रेसों,0
वातानुकोलितों,वातानुकूलितों,0
चतुष्कोनीय,चतुष्कोणीय,0
आमडी,आमदी,0
दुष्टापूर्वक,दुष्टतापूर्वक,0
बेचते,बेचते,1
चुका,चौका,0
मिजोरम,मिज़ोरम,0
टॉरेंस,टोरेंस,0
अनुचितित,अनुचित,0
अवरोधक,अवरोधक,1
रॉस,रॉस,1
अच्युत,अच्युत,1
ऊढ़मी,ऊधामी,0
हरावल,हरावल,1
गॉल्ड,गोल्ड,0
दाव,दाव,1
श्रीजनविज्ञानी,सृजनविज्ञानी,0
नेक्सटजेन,नेक्स्टजेन,0
रुकावतों,रूकावटों,0
भवनाओं,भावनाओं,0
देहधारी,देहधारी,1
पारिखाएं,परीक्षाएं,0
उटेनी,उतने,0
संस्कृतिओं,संस्कृतिओं,1
प्रॉस्पेक्स,प्रॉस्पेक्स,1
नीयदिली,नईदिल्ली,0
सायन,सायं,0
गेनेवा,जिनीवा,0
रसाद,रसद,0
बारामूला,बारामुला,0
वंदेमातरम,वन्देमातरम्,0
सफरी,सफारी,0
चांबा,चम्बा,0
सावल,सवाल,0
बन्नारी,बन्नारी,1
फतेहहपुर,फ़तेहपुर,0
पहनाते,पहनता,0
स्प्रे,स्प्रे,1
नॉर्मल,नॉर्मल,1
अलाउट,ऑलआउट,0
मानासास,मनासस,0
मंत्रियोंके,मंत्रियोंके,1
कार्यकर्यार्ताओं,कार्यकार्यकर्ताओं,0
फाड़ने,फाडऩे,0
ग्रेग,ग्रेग,1
बैतूल,बैतूल,1
कुशान,कुषाण,0
सुब्बनी,सुब्बनी,1
इनफिबीम,इन्फिबीम,0
खटखटाकार,खटखटाकर,0
चाााजी,चाचाजी,0
चन्द्रबली,चंद्रबली,0
बारीपाड़ा,बारिपदा,0
रूहेखण्ड,रूहेलखंड,0
घैराकानूनी,ग़ैरकानूनी,0
आरेखह,आरेखः,0
प्रमुखक्रमियों,प्रमुखकर्मियों,0
ली,ली,1
थायटेर्स,थियेटर्स,0
असाम,असम,0
फानों,फानों,1
ज्यादा,ज़्यादा,0
थिएटरों,थियेटरों,0
सफाईकर्मी,सफाईकर्मी,1
बाइसेस,बीएसएसएस,0
क्रानफ्रेंसिंग,क्रान्फ्रेंसिंग,0
जीवराज,जीवराज,1
थिरके,थिरके,1
शक्सुबेहे,शकसुबहे,0
पाराट्रूपर,पैराट्रूपर,0
दाभारा,डभरा,0
यूएसआई,उसी,0
निहसंदेह,निःसंदेह,0
महानाटम,महानतम,0
बंठिया,बांठिया,0
अनाम,अनम,0
काश्मीर,कश्मीर,0
बावड़ी,बावडी,0
भुट्टो,भुट्टो,1
मारके,मारके,1
कार्योजना,कार्ययोजना,0
फ्रेंसिक्सो,फ्रांसिस्को,0
अदानी,अदाणी,0
धुरिया,धुरिया,1
महविद्य,महाविद्या,0
मेगापेक्सिल,मेगापिक्सल,0
क्रिप्टोक्रर्सियन,क्रिप्टोकरेंसियों,0
मुथ,मूठ,0
अथॉरिटी,ऑथोरिटी,0
अपरिवर्तनशील,अपरिवर्तनशील,1
प्रधानमंत्रिकी,प्रधानमंत्रीकी,0
आगाशे,आगाशे,1
नवाजगरण,नवजागरण,0
अत्त्रा,अट्टरा,0
उबाला,उबाला,1
अमानति,अमानती,0
खम्मम,खम्मम,1
हारना,हारना,1
भवभवि्यक्तियों,भावाभिव्यक्तियों,0
पुष्कर,पुष्कर,1
शांतियों,शांतियों,1
नेरोलैक,नेरोलेक,0
चौका,चौका,1
सिद्धलिंगा,सिद्दालिंगा,0
भारतन्यत्यम्,भरतनाट्यम्,0
जवाबाह,जवाबः,0
दुश्वरियों,दुश्वारियों,0
मनचिय,मंचीय,0
जियो,जीयो,0
सप्रमाण,सप्रमाण,1
सिम,सीम,0
पीचड्यूलीजीज,पीएचडब्ल्यूसीएस,0
बहव,बहाव,0
टिक,टिक,1
अगावै,अगवाई,0
हिगमैन,हाइमन,0
किवी,क्यूआईडब्ल्यूआई,0
अग्यात,अज्ञात,0
अगेंडे,एजेंडे,0
लिंचबर्ग,लिंचबर्ग,1
माँगीना,मांगीना,0
खटखटाएगी,खटखटाएगी,1
जोधीका,जोधिका,0
स्रजनजविज्ञानी,सृजनविज्ञानी,0
देतासन,डेटसन,0
बदलवा,बदलवा,1
यूआरएफ,उर्फ,0
छापेमार,छापेमार,1
लक्स,लक्स,1
भोपाल,भोपाल,1
फलीभूत,फलीभूत,1
पैथेलाइजस्ट,पैथेलॉजिस्ट,0
पर्याप्त्त,पर्याप्तता,0
फुर्ती,फूर्ति,0
मुत्रुनियावारक,मृत्युनिवारक,0
मरुती,मारुति,0
उठाकर,उठाकर,1
अलो,एएलओ,0
पेगाव,पेगव,0
पिलिभित,पीलीभीत,0
सोमी,सोमी,1
संचालों,संचालनों,0
कांचीपुरम,कांचीपुरम,1
दराती,डराती,0
यद्दस्त,याद्दाश्त,0
सबूदना,साबुदाना,0
वेल्डिंग,वेल्डिंग,1
वेरोनिका,वेरोनिका,1
स्टिंबरवाला,स्टिम्बेरवाला,0
मायजाल,मायाजाल,0
पीईएस,पेस,0
अतुल,अतुल,1
आटोमैटिकली,औटोमैटिकली,0
जांचना,जांचना,1
मिथिलांचल,मिथिलांचल,1
फिकसिंगह,फिक्सिंगः,0
सजेती,सजेती,1
प्लानो,प्लानो,1
विसंगतिया,विसंगतिया,1
खोमचे,खोमचे,1
लग्ना,लगना,0
मुकेश्वरी,मुकेश्वरी,1
तस्वारों,तस्वारों,1
डेव,देव,0
वेश,वेश,1
ज्योथी,ज्योथी,1
लैंडल,लेंडल,0
विरानगांवाओं,वीरांगनाओं,0
यानित,यनित,0
पुर्निया,पूर्णिया,0
चौक,चौक,1
लडीन,लड़ीं,0
चेस्ट,चेस्ट,1
कासेगा,कसेगा,0
अबुट,एबट,0
रेनुका,रेनुका,1
लूवे,लूवे,1
गुलाबाग,गुलाबाग,1
लज्जालू,लज्जालु,0
सभार,साभार,0
गैरारत्रशादी,गैरराष्ट्रवादी,0
धावकों,धावकों,1
लिम,लिम,1
विधाएं,विद्याएं,0
स्वयंस्वीक्रत,स्वयंस्वीकृत,0
इलेक्ट्रेक्ट्स,इलेक्ट्रोटेक्स,0
रामराज,रामराज,1
जानभवना,जनभावना,0
यौनिकता,यौनिकता,1
हाथे,हाथे,1
दुने,दूने,0
प्रोटेक्टों,प्रोटेक्ट्स,0
वरेंये,वरेण्य,0
मज़बूरी,मज़बूरी,1
प्रवीणचंद,प्रवीनचंद,0
वैज्ञानिक,वैज्ञानिक,1
टॉरेंट,टोरेंट,0
आत्मयें,आत्माएं,0
संप्रति,संप्रति,1
मट्ठे,मत्थे,0
सविता,सविता,1
अटलांटिक,अटलांटिक,1
जलगती,जलगति,0
चच्चा,चच्चा,1
अफरीन,आफरीन,0
बज़ारू,बाजारू,0
चौकी,चौकी,1
फारसे,फरसे,0
टुनिंग,ट्यूनिंग,0
नोदरानी,नोडरानी,0
माउम,मौम,0
विधानी,विधाणी,0
गुजर,गुजार,0
पाकड़कर,पकडकर,0
आंखें,ऑंखें,0
आपका,आपका,1
वार्नर,वार्नर,1
अनवहार्य,अन्वाहार्य,0
लिखेहैं,लिखेहैं,1
पाठयक्रम,पाठ्यक्रम,0
शवकों,शावकों,0
यारूशलेम,यरूशलेम,0
मंडलायुक्तो,मण्डलायुक्तो,0
नैनो,नैनो,1
झाइयाँ,झाइयां,0
सिंफरोपॉल,सिम्फरपोल,0
धम्म,धम्म,1
निखरेगा,निखरेगा,1
घुमान,घुमाण,0
हाउंगा,होऊंगा,0
ढकल,ढकाल,0
सागरिका,सागरिका,1
बर्नार्ड,बर्नार्ड,1
योगाबल,योगबल,0
ब्रेवरीज,ब्रेवरीज,1
दिश,डिश,0
ऐठन,ऐठन,1
वर्तमान,वर्तमान,1
ट्रेमासिक,त्रैमासिक,0
तस्विरे,तस्वीरे,0
व्यावर्गत,व्यवहारगत,0
मराथा,मराठा,0
बनवा,बनवा,1
स्वर्णिका,स्वर्णिका,1
प्रसथ,प्रसाथ,0
ओवरॉल,ओवरऑल,0
पूर्वालगुनी,पूर्वाफाल्गुनी,0
प्रोरफपारससूक,प्रॉपरफेसबुक,0
सुवें,सुवेन,0
सपते,सपाटे,0
झोझ,झ,0
करघगे,करघे,0
देशकाल,देशकाल,1
नाथद्वारा,नाथवाड़ा,0
थानवी,थानवी,1
ओरान,ओरण,0
सेरेनो,सेरानो,0
ईएआर,इअर,0
सब्मिशन,सबमिशन,0
धारक,धारक,1
तडाद,तदाद,0
ग्रीनवुड,ग्रीनवुड,1
हौते,हाउते,0
बेहुरिया,बहुरिया,0
नियनताओं,नियंताओं,0
चुरू,चूरू,0
मिसारी,मिसौरी,0
अन्याय,अन्याय,1
गेनेराट,जेनरेट,0
न्यूटेस्ट,न्यूटेस्ट,1
गारुद,गरुड़,0
स्वास्तिकार,स्वास्तिकाकार,0
शाइ,शैइ,0
सिद्धांतवादियों,सिद्धांतवादियों,1
अनवश्यक,अनावश्यक,0
सीटें,सीटें,1
गुलशान,गुलशन,0
रिया,रिया,1
फिरमियान,फर्मिऑन,0
टायर,टायर,1
चीएचआई,ची,0
बदलापुर,बदलापुर,1
युद्धनौका,युद्धनौका,1
एनबीएीसी,एनबीसीसी,0
श्रीगनगगवाासियों,श्रीगंगानगरवासियों,0
उड़ा,उदा,0
कैमब्रिज,कैंब्रिज,0
एयरवे,एयरवे,1
आईडोल,आइडल,0
कैलुमेट,कैल्यूमेट,0
आजमाना,आजमाना,1
तंत्रिकाओ,तंत्रिकाओं,0
जोनेसबोरो,जोन्सबोरो,0
बुद्धिजीवों,बुद्धिजीवों,1
क्लोज़ूप,क्लोज़अप,0
एनएमडीसी,एनएमडीसी,1
राष्ट्रपित,राष्ट्रपित,1
कमरहटी,कमारहाटी,0
असफॉल्ट,एस्फाल्ट,0
फ्रांसिस्को,फ्रांसिस्को,1
भाला,भल्ला,0
मौलविदों,मौलवियों,0
नरवार,नरवर,0
लहलहहटी,लहलहाती,0
ब्यावा,ब्यावर,0
घटाएगी,घटाएगी,1
नामाजदगी,नामजदगी,0
तकाह,तकः,0
सेवाग्राम,सेवाग्राम,1
लामियाँ,लामियां,0
जीआईएन,जिन,0
स्वेच्छा,स्वेच्छा,1
अंततदियाँ,अंतडियां,0
आर्या,आर्यो,0
पोलीशिंग,पॉलिशिंग,0
जोखीमाभरा,जोखिमभरा,0
उमदती,उमड़ती,0
तंत्रा,तंत्र,0
समोआ,सामोआ,0
सीएसआइ,सीएसआई,0
मंड्या,मांड्या,0
लावरी,लॉरी,0
पहंटे,पहनते,0
अंकोर,अंकोर,1
निम्नावत,निम्नवत्,0
रैपिंग,रैपिंग,1
रूपेश,रुपेश,0
प्रतिबद्धता,प्रतिबद्धाता,0
नादेप,नाडेप,0
सैलानीपन,सैलानीपन,1
मेनराज्य,मेंराज्य,0
दाव,दाव,1
आबूरोद,आबूरोड,0
पाठ्यकरमों,पाठ्यक्रमों,0
निविदाताओं,निविदाताओं,1
गांधीपुरा,गांधीपुरा,1
फ्क्व्स,पीएचडब्ल्यूसीएस,0
नारायगढ़,नारायणगढ़,0
जयलीलता,जयललिता,0
सुसंस्कुरत,सुसंस्कृत,0
मसूद,मसूद,1
वूनसॉकेट,वुनसोकेट,0
संस्करुटियां,संस्कृतियां,0
यूआरएफ,उर्फ,0
थेरेटीपली,थेराटीपल्ली,0
प्रतिनिर्देश,प्रतिनिर्देश,1
उल्हासपुर,उल्हासपुर,1
पहनाते,पहनते,0
धावकों,धावकों,1
भागेध,भगेड़,0
प्रांसंगली,प्राणसंगली,0
जलवायू,जलवायु,0
भिजवाई,भिजवाई,1
सैयरा,सायरा,0
क्रेंड्रोन,क्रेन्द्रों,0
मौजूद,मौजुद,0
सिद्धान्त,सिद्घांत,0
काम्युनिकेटर्स,कम्युनिकेटर्स,0
चिड़चड़पन,चिड़चिड़ापन,0
मुथुत,मुथूट,0
विवेकाधिकारों,विवेकाधिकारों,1
मलोन,मलौन,0
सिन्िनेटी,सिनसिनाटी,0
रेगिस्तान,रेगिस्तान,1
पारोसने,परोसने,0
विचारकों,विचारकों,1
जनभवना,जनभावना,0
अंदामन,अंडमान,0
बद्याल,बडयाल,0
मोरपेन,मोरपेन,1
बिअर्ड,बियर्ड,0
नोदारानी,नोडरानी,0
दिखायी,दिखायेे,0
चिंक,छींक,0
व्याख्यात्मकता,व्याख्यात्मकता,1
शैशव,शैशव,1
ऐैंतू,आइंथू,0
अहमदाबादाह,अहमदाबादः,0
जायके,जायके,1
सिगनीटी,सिग्निटी,0
कुरुक्षेत्र,कुरुक्षेत्र,1
प्रावृत्तियों,प्रवृत्तीयों,0
चर्चा,चर्चा,1
लक्ष्मीचंद्र,लक्ष्मीचन्द्र,0
हैमोंड,हैमंड,0
निभागी,निभाएगी,0
धुनाई,धुनाई,1
जनभावना,जनभावना,1
कैंट,कांट,0
मेलाघाट,मेलघाट,0
म्यूए,मुऐ,0
श्विंग,श्विंग,1
दामपत्य,दांपत्य,0
कपपाडा,कपड़ा,0
संताती,संतति,0
मानवतारित,मानवटरहित,0
अनुप्रयोगी,अनुप्रयोगों,0
हर्वी,हार्वे,0
काजू,काजू,1
सेरिटोस,सेररितोस,0
टेक्समाको,टेक्समैको,0
संचार,संचार,1
टुथ,ट्रुथ,0
लोजानो,लोज़ानों,0
रोपने,रोपने,1
हॉलीवुड,हॉलीवुड,1
छिंके,छींके,0
धम्मा,धम्मा,1
टेक्नोप्लास्ट,टेक्नोप्लास्ट,1
पूजापथ,पूजापाठ,0
चानन,चानन,1
श्रणखलाओं,श्रंखलाओं,0
छेड़ना,छेड़ना,1
कार्बोजेन,कार्बोजेन,1
व्यवधान,व्यवधान,1
श्लच्ट्ज,शुल्ट्ज,0
इस्ट्रैलियों,इस्त्राइलियों,0
स्क्वैश,स्क्वाश,0
डेनविले,डैनविल,0
प्राना,प्राना,1
ठाकुरवादी,ठाकुरवादी,1
प्रयोगशास्त्र,प्रयोगशास्त्र,1
व्यक्तियों,व्यक्तीयों,0
मेट्रालोजिस्ट,मैट्रोलॉजिस्ट,0
मधुरा,मढ़ौरा,0
पलियों,पालियों,0
डेनवर,डेनवर,1
एपीजे,एपीजे,1
बेनी,बैनी,0
प्रतिस्थान,प्रतिस्थान,1
भ्रष्टाचारियों,भ्रष्टाचारीयों,0
लकीर,लकीर,1
सुधारग्रह,सुधारगृह,0
संदली,संदली,1
जगृति,जागृति,0
तलवार,तलवार,1
जनाशिक्षा,जनशिक्षा,0
तपुवु,टापुओं,0
बुलेटिन,बुलेटिन,1
बल्लेबाजी,बल्लेबाज़ी,0
माधीखेखा,माड़ीखेड़ा,0
अर्थशास्त्रियों,अर्थशास्त्रीयों,0
स्काइनिंग,स्कैनिंग,0
मेहमन,मेहमान,0
रहेगी,रहेगी,1
जमशेदपुर,जमशेदपुर,1
त्याहरों,त्यौहारों,0
दर्शाना,दर्शाना,1
बीचबचाव,बीचबचाव,1
सुलती,सुलाती,0
वर्षण,वर्शन,0
सुधारती,सुधारती,1
वसामुक्त,वसामुक्त,1
पतिल,पाटिल,0
जेवाब,जेवाब,1
सोटो,सोटो,1
ध्टूएँ,धातुएं,0
डाज़,डोसे,0
भागदौड़,भागदौड,0
पगबाड़ा,पगबाधा,0
अरुषि,आरुषि,0
अगस्ता,अगस्ता,1
तितान,टाइटन,0
इक्विटीज,इक्विटीज,1
एयरटेल,एयरटेल,1
एलाप्स,ऐल्प्स,0
नकसाली,नक्सली,0
अचिवमेंट,अचीवमेंट,0
गलाएगा,गलाएगा,1
फूडों,फूडॉन,0
राजनीची,राजनीचि,0
आर्या,आर्य,0
स्ट्रेमवुड,स्ट्रीमवुड,0
घोट,घोट,1
मुयूसिक,म्यूजिक,0
पुर्कायस्था,पुरकायस्थ,0
नाओरा,नोरा,0
टॉनिक,टॉनिक,1
गुजारने,गुजारने,1
वाटर,वाटर,1
सुनसान,सूनसान,0
सिरसा,सिरसा,1
तंगीराला,टेंगीरला,0
हंसों,हेनसन,0
वरुण,वरुण,1
ड्रिजर,ड्रेजर,0
दौदाते,दौड़ाते,0
शराबों,शराबों,1
व्यक्तियों,व्यक्तीयों,0
सातसेरा,सातसेरा,1
दर्जनो,दर्जनों,0
अग्नियाँ,अग्नियां,0
ढोना,धोना,0
कार्यकर्त्रियों,कार्यकर्त्रियों,1
अवस्थाएं,अवस्थाएं,1
हिमामानव,हिममानव,0
ट्वीओ,टु,0
एआईएल,ऐल,0
बंधुओं,बंधुओं,1
श्रद्धावनों,श्रद्धावानों,0
मारियो,मारियो,1
व्याघाट,व्याघात,0
मिचाएल,माईकल,0
एडर्घ,अद्र्घ,0
विठ्ठल,विट्ठल,0
प्रारूप,प्रारूप,1
धूँढीती,ढूंढती,0
दुबाना,डुबाना,0
लाडने,लडने,0
फॉर्म,फार्म,0
ज़ुआरी,जुवारी,0
परिवारवाले,परिवारवाले,1
पेरानोर्मल,पैरानॉर्मल,0
भुवनेशवप्रसाद,भुवनेश्वप्रसाद,0
आईआरआईएस,आईरिस,0
प्रतिज्ञापूर्ण,प्रतिज्ञापूर्ण,1
लेबालों,लेबलों,0
श्रीकृष्णन,श्रीकृष्णन,1
स्निकारसे,स्नीकर्स,0
कैन,कईं,0
भूस्वामी,भूस्वामी,1
करता,कटरा,0
अन्यय,अन्याय,0
नोकारी,नोकरी,0
प्रिसजजन,प्रिसिशन,0
क्रोम,क्रोम,1
ज्यू,जुए,0
बॉल्िंग,बोलिंग,0
ताप्ती,ताप्ती,1
कैथोलिकन,कैथोलिकों,0
नाजारांदज,नजरंदाज,0
मुलचंद,मूलचंद,0
स्वेच्चा,स्वेच्छा,0
नन्यौला,नन्यौला,1
घोंटना,घोंटना,1
अद्वैतवाद,अद्वैतवाद,1
अंडरवुड,अंडरवुड,1
लुभावना,लुभावना,1
पेट्रोसेली,पेट्रोसेली,1
एएमडीआई,आमदी,0
रोपने,रोपने,1
डेस्य,डेजी,0
जबबी,जबाबी,0
सीयूपी,कप,0
फाड़े,फाड़े,1
उलहना,उलाहना,0
उन्नतियों,उन्नतियों,1
मोलिना,मोलिना,1
गांदचोभूनचोधते,गांडचुभोनाचूसनाछोटे,0
हन्न,हां,0
प्रदर्शन,प्रर्दशन,0
सरजुगा,सरगुजा,0
बिदार,बीदर,0
अमरगड़,अमरगढ़,0
जुए,जुए,1
टोंक,टोंक,1
देवापुर,देवापुर,1
इंटेलिजेंस,इंटेलीजेंस,0
नीतियों,नीतियों,1
खनौडा,खनौदा,0
पोरबंदर,पोरबंदर,1
सिम,सिम,1
लग्नेश,लग्नेश,1
गायिकाओ,गायिकाओ,1
पृष्ठभमियों,पृष्ठभूमियों,0
मूलचन्द,मूलचंद,0
सिलचर,सिल्चर,0
मार्गरिता,मार्गरिटा,0
उदकीशुगंज,उदाकिशुनगंज,0
सिरती,सिरती,1
यमाला,यमला,0
प्रशिक्षु,प्रशिक्षु,1
सियरा,सिएरा,0
आल्हा,आल्हा,1
पेक,पेक,1
तस्खीर,तसखीर,0
डाका,डाका,1
नॉमिनेट,नॉमिनेट,1
सपत,सपाट,0
कोम्बेटर,कोयम्बटूर,0
कोरापुट,कोरापुट,1
स्वात्त्शासन,स्वायत्तशासन,0
विद्युतिकृत,विद्युतीकृत,0
किकियाना,किकियाना,1
अरुणाई,अरुणाई,1
रिगल,रीगल,0
डायमांड,डायमंड,0
मृदुभाषी,मृदुभाषी,1
वाल्टर्स,वाल्टर्स,1
सूत्रपादा,सूत्रपाडा,0
कीती,कीति,0
ज़िलाधिकारी,ज़िलाधिकारी,1
मांगेश,मंगेश,0
पेंशन,पेंषन,0
लगानेवाले,लगनेवाले,0
जिलावासियों,जिलावासियों,1
प्लॉस्की,प्लोस्की,0
एकसाथ,एकसाथ,1
सेखर,सेखर,1
डॉयू,डीओडब्ल्यू,0
अर्धविश्वास,अर्धविश्वास,1
राजस्थान,राजस्थान,1
विकासखण्ड,विकासखण्ड,1
समशयों,संशयों,0
बढ़ाना,बढना,0
क्लासन,क्लासों,0
इखरुल,उखरुल,0
फुरामे,फुरामे,1
एबाज,एबज,0
बाताया,बाताया,1
जुशान्तन,जुशान्तान,0
स्ट्रॉंग,स्ट्रॉन्ग,0
राजनीतिकरों,राजनीतिकारों,0
पनिपत,पानीपत,0
ब्लैंकार्ड,ब्लांकार्ड,0
झबुआ,झाबुआ,0
जैसिन्टो,जकिंटो,0
बारहसिंगा,बारहसिंगा,1
सूचनाह,सूचनाः,0
इलेक्ट्रोमैजिक,इलेक्ट्रोमैजिक,1
लालमानी,लालमणी,0
भाऊलाल,भाऊलाल,1
कठुआ,कठुआ,1
पलारी,पलारी,1
अमिताओ,अमिताव,0
तानर््स्टी,तदंरुस्ती,0
वाबस्ता,वाबस्ता,1
व्लाड,व्लाद,0
स्लाश,स्लैश,0
वाटरबरी,वाटरबरी,1
सेल्फी,सेल्फी,1
लुइस,लुईस,0
पंचसूत्र,पंचसूत्र,1
आर्यमा,अर्यमा,0
वादक,वादक,1
जंक्शन,जंक्शन,1
जेनरिक,जेनरिक,1
जिया,जिया,1
एडेन,एडेन,1
सॉफ्नर,सॉफ़्नर,0
क्विगा,क्यूडब्ल्यूवीजीए,0
ध्वनिमिकों,ध्वनिमिकों,1
फीड्स,फीड्स,1
सुकड़ियाल,सुकडि़याल,0
अंगढ़,अनगढ़,0
बावजी,बावजी,1
छोड़िये,छोडिये,0
सीआईपीएलए,सिप्ला,0
विज्ञानों,विज्ञानों,1
धसममाना,धस्माना,0
लोंगेवाल,लोंगोवाल,0
बदम,बदाम,0
अट्रैक्ट,अट्रैक्ट,1
सराहा,सराहा,1
नृत्याशैली,नृत्यशैली,0
साँवरी,संवरी,0
यक्षाधिपति,यक्षाधिपति,1
अरब्पतियों,अरबपतियों,0
मुकद्दमों,मुकद्दमों,1
फोडे,फोड़े,0
सिहुंता,सिहुंता,1
जीवां,जीवन,0
ढूँढता,ढूंढता,0
क्रुस,क्रुसेस,0
कार्यकर्त्रियों,कार्यकर्त्रियों,1
प्रतिबद्धताएं,प्रतिबद्धताएं,1
डीएलवी,डीएलडब्ल्यू,0
प्लान,प्लेन,0
पैलोट,पायलट,0
अधिवास,अधिवास,1
फैन,फैंन,0
फववरा,फव्वारा,0
हललचल,हालचाल,0
विश्ववीर,विश्ववीर,1
क्रेस्ट,क्रेस्ट,1
ब्रह्मलीन,ब्रह्मलीन,1
विरेचन,विरेचन,1
याद्दश्ता,याद्दाश्त,0
उज्जैन,उज्जैन,1
सहयात्रे,सहयात्री,0
जिम्मे,जिम्मे,1
सारावगी,सारावागी,0
देखियेगा,देखियेगा,1
वजूद,वजूद,1
कुंडाल,कुंडल,0
आरआईए,रिया,0
स्लाइडर,स्लाइडर,1
मेनेजमेन्ट,मैनेजमेंट,0
कार्यकार्यकर्ताओं,कार्यकार्यकर्ताओं,1
क्रिस्टाइस,क्रिस्टिस,0
रुक्ते,रुकते,0
डिस्ट्रब्यूटर्स,डिस्ट्रब्यूटर्स,1
स्पेल,स्पेल,1
दामापर,दमपर,0
ठिकने,ठिकाने,0
इंट्रेक्युलिटी,इंटरटेक्चुअलिटी,0
सिड्यान,सीडीयां,0
साउथ,साउथ,1
आपका,आपका,1
नहिंकरवाई,नहींकरवाई,0
जागृति,जागृति,1
चूढ़े,चूड़े,0
थिर्टी,थर्टी,0
नादसा,नक्सल,0
जीएसएम,जीएसएम,1
गुजरत,गुजरात,0
दर्शनार्थी,दर्शनार्थी,1
नाभा,नाभा,1
धोकेबाज,धोखेबाज,0
लेगा,लेगा,1
बीअईीीएमी,बीआईआईटीएम,0
सोमवार,साेमवार,0
वानों,वाणों,0
औध्योगीकरण,औद्योगिकरण,0
अग्रहरी,अग्रहरि,0
आफा,आफॅ,0
तीमार्दरों,तीमारदारों,0
मिसरा,मिश्रा,0
सेरिब्रा,सेरेब्रा,0
नागरिक,नागारिक,0
दस्तार,दस्तार,1
मकरह,मकरः,0
जीटीओआर,जीतोड़,0
बैलिस्टिक,बैलिस्टिक,1
चढ़ेगा,चढ़ेगा,1
माँगे,मांगे,0
निलभ,नीलाभ,0
मेंशराब,मेंशराब,1
सिंघड़े,सिंघाड़े,0
हिसारह,हिसारः,0
रामकोट,रामकोट,1
बैठते,बैठते,1
तस्खीर,तसखीर,0
ईशारा,इशारा,0
सोलापुर,सोलापुर,1
मेजबानी,मेजबानी,1
फ्लोरेंस,फ्लोरेंस,1
परामर्षक,परामर्शक,0
झाड़ने,झाड़ने,1
थीटर्स,थियेटर्स,0
आदान,आदान,1
एम्बीएंस,आंबियंस,0
सुरक्षाह,सुरक्षाः,0
हिकारिको,हिकारिको,1
बाँया,बांया,0
रूकवाई,रुकवाई,0
मित्रवत,मित्रवत,1
बोकारो,बोकारो,1
मौर्य,मौर्या,0
प्रतिनिधिकारी,प्रतिनिधिकारी,1
चन्द्रमाओं,चंद्रमाओं,0
परोसने,परोसने,1
ढैया,ढैया,1
स्पारिट्स,स्पिरिट्स,0
लेने्््रो,लियान्ड्रो,0
सीन,शॉन,0
स्वार्थपरक,स्वार्थपरक,1
चुचियाँ,चूचियां,0
महामिदिया,महामीडिया,0
पूर्वजनमों,पूर्वजन्मों,0
शोहदापंटी,शोहदापंती,0
कुशान,कुषाण,0
जमलोकी,जमलोकी,1
एवररेस्ट,एवरेस्ट,0
तस्वारों,तस्वारों,1
अद्विवास,अधिवास,0
प्रेमलाता,प्रेमलता,0
मुरिएटा,मुर्रिएटा,0
वैमनस्य,वैमनस्य,1
केली,केली,1
टिनप्लेट,टिनप्लेट,1
वान,वाण,0
महामंत्र,महामंत्र,1
मेज़बान,मेजबान,0
शुमाली,शुमाली,1
फुलाये,फुलाए,0
प्रूट्ट,प्रूट,0
रोजवेल्ट,रुजवेल्ट,0
प्रशासनिक,प्रशासनिक,1
उलज़ानों,उलझानों,0
पत्रकार्वता,पत्रकारवार्ता,0
दुआर,दुआर,1
कथोफड़वे,कठफोड़वे,0
बिपिन,बिपिन,1
ओफररह,ऑफरः,0
इसाययों,ईसाइयों,0
प्रॉपेलेंट,प्रोपेलेंट,0
कंसाई,कंसाई,1
सिखिन,सीखीं,0
सीडीसीएल,सीडीसीएल,1
अब्बॉट,एबोट,0
कटलारी,कटलरी,0
आदिवादियों,आदिवादियों,1
चित्रकथा,चित्रकथा,1
अवशिष्ट,अवशिष्ट,1
फ्यूरुचिरिस्टिक,फ्यूचुरिस्टिक,0
टेरीह,तेरीः,0
नन्हें,नन्हें,1
एवेरी,एवरी,0
सुबा,सूबा,0
शाखायें,शाखाएं,0
त्रिकल्दर्शी,त्रिकालदर्शी,0
पालसाही,पालसाही,1
फैलैये,फैलाइए,0
झौवा,झउवा,0
जमाती,जमाती,1
जन्हानी,जनहानि,0
पॉंडिंग,पोंडिंग,0
तस्वरों,तस्वारों,0
देशकाल,देशकाल,1
हिचकिचा,हिचकिचा,1
बस्तीह,बस्तीः,0
गारीबी,गरीबी,0
फड़फड़ाएँ,फड़फड़ाएं,0
सीताराम,सीताराम,1
कमेरे,कमेरे,1
बैराकपुर,बैरकपुर,0
स्वयंस्वीक्रत,स्वयंस्वीकृत,0
कासोवो,कासोवो,1
मजबूरी,मज़बूरी,0
कनवकेशन,कन्वोकेशन,0
स्किपर,स्किपर,1
जैपुर,जयपुर,0
प्रस्थानों,प्रस्थानों,1
नर्म,नरम,0
रेडियोप्रेमी,रेडियोप्रेमी,1
तीतगढ़,टीटागढ़,0
चिको,चिको,1
राज्यमंत्रीस्त्रत्त्र,राज्यमंत्रीस्वतंत्र,0
मैनवाल,मैनवल,0
गुजरान,गुजारना,0
सतलुज,सतलुज,1
जातियों,जातियों,1
अन्होनी,अनहोनी,0
टेलिलिंक्स,टेलीलिंक्स,0
लैब्स,लैब्स,1
हरावाल,हरावल,0
मैरियेज,मैरेज,0
मणिया,मनिया,0
ट्रैक्टर्स,ट्रैक्टर्स,1
कांचन,कंचन,0
लैरी,लैरी,1
कार्यावधि,कार्यावधि,1
जलभरव,जलभराव,0
भाड़ा,भाड़ा,1
बागोरा,बागोरा,1
पीयागा,पिएगा,0
स्टेफ़्स,स्टीफेंस,0
अभिमत,अभिमत,1
एक्सेल्या,एक्सेल्या,1
वायरलेस,वायरलेस,1
चौडा,चौड़ा,0
परभानी,परभणी,0
खाटेदार,खातेदार,0
बढ़ना,बढना,0
बर्च,बर्च,1
उपद्रववों,उपद्रवों,0
टिकियों,टिकियों,1
मिल्क,मिल्क,1
दुबोना,डुबोना,0
बैकर,बेकर,0
सुताली,सुतली,0
बुद्धाराम,बुद्धाराम,1
वेलाथ,वेल्थ,0
पातारानी,पटरानी,0
अर्धविश्वास,अर्धविश्वास,1
पैम,पैम,1
कास्टानेडा,कास्टानेडा,1
बालजीत,बलजीत,0
भटनगर,भटनागर,0
जातकों,जातकों,1
एकुअडोर,इक्वाडोर,0
स्वर्गडूट,स्वर्गदूत,0
रुशिकुल,ऋषिकुल,0
ताटे,टेट,0
कंठर,कंठहार,0
ब्यौलैड,बेऔलाद,0
युरोपिया,यूरोपिया,0
गये,गए,0
ददरेवा,ददरेवा,1
बिखेरने,बिखेरने,1
हमलो,हमलो,1
पकड़ाए,पकड़ाए,1
उपलब्धियों,उपलब्धियों,1
कोलोराडो,कोलोराडो,1
पैकर्ड,पैकर्ड,1
जगरुती,जागृति,0
आंधरा,आंध्रा,0
चौंकते,चौंकाते,0
बेखवाबियां,बेख्वाबियां,0
नफा,नफ़ा,0
सिन्हा,सिन्हा,1
उत्पिदन,उत्पीडऩ,0
सागा,सागा,1
आर्य,आर्य,1
दिखाइये,दिखाइये,1
अनिष्टता,अनिष्टता,1
उदान,उड़ान,0
संयुक्तवस्था,संयुक्तावस्था,0
शमतल,शमलात,0
एवावा,एवव,0
अधिवकत्गन,अधिवक्तागण,0
रल्हान,रल्हन,0
झुठलने,झुठलाने,0
पुरवाभास,पूर्वाभास,0
बिजेन्द्रसिंह,बिजेन्द्रसिंह,1
चिनमनी,चिनमणि,0
लोक्षवाली,लोकसभावाली,0
लाड़की,लड़की,0
नरसिंगढ़,नरसिंहगढ़,0
संघठनमंत्रियों,संगठनमंत्रियों,0
रूपी,रूपी,1
कार्यकर्ताओं,कार्यकर्ताओं,1
अगुस्ता,अगस्ता,0
मनमारजी,मनमर्जी,0
अंत्रमुख,अंतर्मुख,0
अनुमार,अनुमार,1
रिष्टाना,रिश्तानाता,0
ड्वायर्थी,द्विअर्थी,0
चूटिले,चुटीले,0
हटटीसबर्ग,हैटीज़बर्ग,0
यूजी,यूजी,1
राज,राज,1
रेयुलगाइजेशन,रैगुलाइजेशन,0
विंध्य,विंध्या,0
फिक्सिंगह,फिक्सिंगः,0
कमजोर,कमज़ोर,0
भारा,भरा,0
चौधववन,चौदहवां,0
फालने,फलने,0
श्रुंखला,श्रंखला,0
विपान्ता,विपन्नता,0
प्रूफ्रीड,प्रूफ़रीड,0
ज़माना,ज़माना,1
घटाएगी,घटाएगी,1
दांगा,दंगा,0
एरिका,एरिका,1
भोला,भोला,1
व्याख्यात्मकता,व्याख्यात्मकता,1
योजनाह,योजनाः,0
वेबुनियाडी,वेबुनियादी,0
रुमानी,रुमानी,1
साहू,साहू,1
प्रधाननगर,प्रधाननगर,1
सीटल,सीऐटल,0
स्टेन,स्टैन,0
इंसानी,इनसानी,0
हमला,हमला,1
न्यूट्रियो,न्यूट्रियो,1
लैदा्द,लदड,0
अंततादियां,अंतडियां,0
कुशवाहा,कुशवाहा,1
कोच्चिह,कोच्चिः,0
गणापथ्य,गणपति,0
फार्मिक,फार्मिक,1
पड़ेंगी,पड़ेंगी,1
अर्थ,अर्थ,1
मुकारार,मुक़र्रर,0
निपटाकर,निपटाकर,1
होलीडेज,होलिडेस,0
कूच,कूच,1
उत्ठक,उठ्ठक,0
सुलखान,सुलखान,1
कमेरे,कमेरे,1
जगयेगा,जगाएगा,0
संतरी,संत्री,0
शख्सीयतें,शख्सियतें,0
पांचांग,पंचांग,0
ज़ालना,झालाना,0
नित्या,नित्या,1
इच्छी,इच्छी,1
हब्रा,हाबरा,0
पालियों,पालियों,1
अज़ूसपर्मिया,एजूस्पर्मिया,0
ताविज,तावीज,0
फूडर्वक्स,फ़ूडवर्क्स,0
ग्रहम,ग्राहम,0
प्रभानमंत्री,प्रभानमंत्री,1
सेथ,सेथ,1
जगताप,जगताप,1
हर्षित,हर्षित,1
दुबना,डूबना,0
रक्तदाताओं,रक्तदाताओं,1
मेक्सिको,मेक्सिको,1
तासिर,तासीर,0
यार्कान्िनशनर,एयरकंडीशनर,0
एडीडी,एड्डी,0
मैकन,मैकॉन,0
इसरानी,इसरानी,1
एंथ,ऐंठ,0
श्रीमहापुर्ण,श्रीमहापूर्ण,0
डॉर्क,डॉर्क,1
जीनों,जीनों,1
घरीबों,ग़रीबों,0
ताराशकर,तराशकर,0
ओब्जरवर,ऑब्जर्वर,0
आर्य,आर्यो,0
उखड़,उखड,0
साठसाठ,साथसाथ,0
पैकागन,पैकेजों,0
हिंडन,हिंडन,1
अपरिहरी,अपरिहार्य,0
मांजिल,मंजिल,0
एलएक्स,एलएक्स,1
करवी,कर्वी,0
दुभाषियों,दुभाषियों,1
रिकनेक्टिंग,रिकनेक्टिंग,1
विंड,विंड,1
क्लाइंट,क्लांइट,0
शरारत,शरारत,1
वेंटूरा,वेंचुरा,0
रॉलिंस,रोलिंस,0
हेनेस,हैन्स,0
निकेतन,निकेतन,1
क्रांतियों,क्रांतियों,1
ट्वीन,ट्विन,0
दिव्य,दिव्य,1
गिडगिडेट,गिड़गिड़ाते,0
निग्मायुक्त,निगमायुक्त,0
गबाली,गबली,0
नोवाटो,नोवाटो,1
रिश्वतखोर,रिश्वतखोर,1
फांसी,फांसी,1
गर्जाना,गर्जना,0
निहलानी,निहलानी,1
पिंटा,पिंटा,1
ग्रीर,ग्रीर,1
लीविसविले,लेविसविल,0
प्रकाशित,प्रकाषित,0
क्लेरियेंट,क्लैरिएंट,0
खायल,क़ायल,0
ड्वायर्थी,द्विअर्थी,0
राखे,राखे,1
बुलांदशहर,बुलंदशहर,0
स्टेफर्ड,स्टेफोर्ड,0
नजरियों,नजरियों,1
वर्ल्ड,वर्ल्ड,1
जीवनियां,जीवनियां,1
पर्मेश्वरपुर,परमेश्वरपुर,0
उठनी,उठनी,1
न्यूत्रियो,न्यूट्रियो,0
जेठा,जेठा,1
बागाबगचचों,बागबगीचों,0
सुचिकित्सा,सुचिकित्सा,1
नागमंडल,नागमण्डल,0
प्रादाधिकारियों,प्रदाधिकारियों,0
उर्वर्ता,उर्वरता,0
नीयल,नील,0
क्रिपोट्रकक्यों,क्रिप्टोकरेंसियों,0
स्वायत्तासन,स्वायत्तशासन,0
ज़रदा,जर्दा,0
उपलक्ष्य,उपलक्ष्य,1
छुडवाया,छुड़वाया,0
विद्गधा,विदग्धा,0
मुख्यमंत्रिपतान,मुख्यमंत्रीपटना,0
जीने,जैने,0
रतानपुर,रतनपुर,0
माहताम,महानतम,0
गुना,गुना,1
मेटेक,एमटेक,0
देनेवाली,देनेवाली,1
नाभिकुंड,नाभिकुंड,1
विशेषणों,विशेषणों,1
लंगारों,लंगरों,0
पॉलीथेनन,पॉलिथीनों,0
सम्बित,संबित,0
धुंध,ढूंढ,0
हाँ,हां,0
तकरा,टकरा,0
धनधेखोरी,धंधेखोरी,0
पुलिंदे,पुलिंदे,1
एपोक्लिप्स,एपोक्लिप्स,1
विज्ञानीपिड़िया,विज्ञानपीडिया,0
महोनी,महोनी,1
पूंजीतंत्र,पूंजीतंत्र,1
खरे,खरे,1
एक्सैटक्टर,एक्सटेक्टर,0
जुनहेबोतो,ज़ुन्हेबोटो,0
प्रियामणि,प्रियामणि,1
सवाल,सवाल,1
सुखाकर,सूखाकर,0
आलोचक,आलोचक,1
फाँस,फाँस,1
जलयलिता,जयललिता,0
अमझेरा,अमझेरा,1
बोमबे,बॉम्बे,0
व्याग्रा,व्यग्र,0
अपनानी,अपनानी,1
रिसाने,रिसने,0
छुरे,छुरे,1
चार्लोट,शार्लेट,0
जोसे,जोस,0
रैलीह,रैलीः,0
मेजबान,मेज़बान,0
धंधन्य,धनधान्य,0
दाबुर,डाबर,0
बीएसएस,बीएसएसएस,0
नजीब,नजीब,1
अवस्थायें,अवस्थाएं,0
जबलपुर,जबलपुर,1
धर्मनिरपेषकेके,धर्मनिरपेक्षताके,0
फर्मर,फार्मर,0
एनएसीएल,एनएसीएल,1
सोमरविले,समरविल,0
बुल,बुल,1
झुले,झुलए,0
खग्यार,खग्यार,1
मेहराम,मेहराम,1
धस्माना,धस्माना,1
रिपन,रिपन,1
भगदौद,भागदौड़,0
मिठ्या,मिथ्या,0
ललानिया,ललानिया,1
भुलों,भूलों,0
वडाली,वडाली,1
नागाप्ततिनम,नागापट्टिनम,0
वैमन्य,वैमनस्य,0
बिगेेस्ट,बिगेस्ट,0
जोड़ता,जोड़ता,1
महत्तरों,महत्तरों,1
ओरछा,ओरछा,1
धैर्यवान,धैर्यवान,1
सुन्द,सूंड़,0
प्रिन्स,प्रिंस,0
जुबान,ज़ुबान,0
कमस्ट्डुयो,कैमस्टूडियो,0
यूरोपिया,यूरोपिया,1
मेज़ा,मेज़ा,1
भुसावल,भुसावल,1
गयात्री,गायत्री,0
वायर,वेयर,0
बुद्दिजीवों,बुद्धिजीवों,0
एंथ,ऐंठ,0
रादार,रदर,0
इलायाची,इलाइची,0
उबाल,उबाल,1
श्रीगनगारवासियों,श्रीगंगानगरवासियों,0
फिटजजर्ल्ड,फिजराल्ड़,0
जीवनशैली,जीवनशैली,1
चार्ट,चार्ट,1
सार्गी,सरगी,0
वेदों,वेदों,1
मुरमुर,मरमर,0
भाते,भाते,1
विपखा,विप्ख,0
बयाने,बयाने,1
मदानगंजा,मदनगंज,0
पैकेजन,पैकेजों,0
वर्णाकर्ताओं,वर्णनकर्ताओं,0
ज्यादा,ज़यादा,0
लोकोत्सव,लोकोत्सव,1
तेवरी,तेवरी,1
झौगंज,झाउगंज,0
मालवान,मालवान,1
तानर््ुस्ति,तदंरुस्ती,0
एल,ऐल,0
क़ब्ज़ा,क़ब्ज़ा,1
सुसंस्कृत,सुसंस्कृत,1
संधोल,संधोल,1
आमरियापाढ़ा,आमरियापाड़ा,0
हाब्बान,हाब्बन,0
बॉल्िंग,बाउलिंग,0
रसमे,रस्मे,0
एम्डबललिप्यील,एमडब्ल्यूपीएल,0
विधाओं,विद्याओं,0
बोवी,बोवी,1
चेन्नई,चेन्नई,1
कमलजीत,कमलजीत,1
सिंघा,सिंहा,0
पेन्संधारियों,पेंशनधारियों,0
बरह,बारह,0
दुबाना,डूबना,0
एसीटल,एसेटल,0
चोहान,चौहान,0
फलने,फलने,1
सिद्धार्थ,सिद्धार्थः,0
एपेक्स,एपेक्स,1
डल्टन,डाल्टन,0
श्रीखंड,श्रीखंड,1
टेक्सटीलां,टेक्सटाइल्स,0
अगरवाल,अग्रवाल,0
मिथ्याचारियों,मिथ्याचारियों,1
सेमेंट,सिमटे,0
क्रानफ्रेंसिंग,क्रान्फ्रेंसिंग,0
संस्करतियों,संस्कृतियों,0
ढंककर,ढंककर,1
निज़ामबाद,निज़ामाबाद,0
छटेनी,छतेनी,0
दुष्क्रिया,दुष्क्रिया,1
सासाराम,सासाराम,1
चिढ़ते,चिढ़ते,1
लम्बा,लाम्बा,0
लाउटिस,लउटिस,0
खाएं,खाएँ,0
ढंढे,धंधे,0
अन्तयान्त,अन्त्यन्त,0
मास,मास,1
बारामद,बरामद,0
क्रेमिस्ट्री,क्रेमिस्ट्री,1
उठानेवाले,उठनेवाले,0
लेहना,लहना,0
सिरेगिट्टी,सिरगिट्टी,0
कंट्रोल,कंट्रोल,1
अंदाजी,अंदाजी,1
कैटेलाइन,कैटलिन,0
पक्षपपत,पक्षपात,0
फोडो,फोड़ों,0
फ्रेंसिका,फ्रांसिस्का,0
प्रयोगपस्रथ,प्रयोगपृष्ठ,0
क्रांतिधारा,क्रांतिधरा,0
दैशवाला,डैशवाला,0
खुरासन,खुरासान,0
क्वारंटाइन,क्वॉरेनटाइन,0
फोन्ड,फोंड,0
पक्षपपत,पक्षपात,0
पुतला,पुतला,1
ट्रुथ,ट्रुथ,1
साथसाठ,साथसाथ,0
मोहिम,मोहिम,1
जोहनसन,जॉनसन,0
सीपीएम,सीपीएम,1
बटाया,बाताया,0
पालमर,पाल्मर,0
तुघलाकाबाद,तुगलकाबाद,0
एकॉपेक्स,एपकोटेक्स,0
हैराम,हैरम,0
सरेजबार,सरेबाजार,0
जेरूसेलम,येरुशलम,0
मोल्ड,मोल्ड,1
वर्णांकर्ताओं,वर्णनकर्ताओं,0
हूपर,हूपर,1
वाटर्स,वाटर्स,1
लुभाते,लुभाते,1
फेफडा,फेफड़ा,0
कमोट्टेना,कामोत्तेजना,0
दामपति,दंपति,0
सोया,सोया,1
बर्ाबरतापूर्ण,बर्बरतापूर्ण,0
ताड़ीपर,तड़ीपार,0
लुट्फ,लुत्फ,0
तारिको,तरीको,0
छटा,चता,0
पिट्टमैन,पिटमैन,0
पहला,पहला,1
मल्टीमडीया,मल्टीमीडिया,0
त्योहार,त्यौहार,0
लबेल,लेबल,0
लेएल,ले,0
तीर्थतन,तीर्थाटन,0
सतुआ,सतुआ,1
वरगास,वर्गस,0
डबोलिम,डाबोलिम,0
सूचनाह,सूचनाः,0
लेबलिंग,लेबलिंग,1
रोजविल,रोज़विल,0
फाईबर्ट्स,फ़ाईब्रेट्स,0
आल्टो,ऑल्टो,0
पार्टनी,परतानी,0
असमिताओं,अस्मिताओं,0
वान्ट,वांट,0
तड़पती,तड़पती,1
पैटेल,पटेल,0
काजी,काजी,1
दोस्तनापूर्ण,दोस्तानापूर्ण,0
क्षेत्रों,क्षेत्राें,0
लिंच,लिंच,1
स्टेट,स्टेट,1
रागोन,रागों,0
मल्होत्रा,मल्होत्रा,1
प्राज्ञान्त्र,प्रज्ञातंत्र,0
दुनीर्ति,दुर्नीति,0
क्रॉस,क्रॉस,1
अव्यवसायी,अव्यवसायी,1
ढिर्यावां,धैर्यवान,0
टिमे,टाइम,0
अशारीरी,अशरीरी,0
चंद्रदास,चन्द्रदास,0
ज्योतिषी,ज्योतिषि,0
एलेक्जेंड्रिया,एलेक्जेंड्रिया,1
बेवाकूफना,बेवकूफाना,0
सिरपुर,सिरपुर,1
उज़ेबक,उज़्बेक,0
खरुवार,खरुवार,1
धर्माविीनता,धर्मविहीनता,0
सुरेंद्रनगर,सुरेंद्रनगर,1
आल्हा,आल्हा,1
अरुणाचल,अरुणाचल,1
क्रुगर,क्रुएगर,0
बागली,बागली,1
वदिंदरपाल,दविन्दरपाल,0
चप्लुसी,चापलूसी,0
संस्कारियों,संस्कारियों,1
एंजीनेस,इंजन्स,0
मेंडेज,मेंडेज़,0
सियाह,सियाह,1
गुजारने,गुजारने,1
गजारा,गजरा,0
कावी,कवि,0
मिडनापोर,मिदनापुर,0
व्रुटन,वृत्तों,0
सिरमों,सिरमोन,0
वार्टमैन,वर्तमान,0
उभ्रेगा,उभरेगा,0
पिलोट,पायलट,0
नरभक्षी,नरभक्षी,1
एं्ट्रीक्स,एंट्रीक्स,0
डेयटन,डेटन,0
बदू,बडू,0
अलराउंडर,ऑलराउंडर,0
निशरा,निश्रा,0
वाधावन,वधावन,0
जेनसेन,जेन्सन,0
पाली,पाली,1
त्रिमासिक,त्रैमासिक,0
अट्रैक्ट,अट्रैक्ट,1
वविद्यालय,वविद्यालय,1
चंदन,चंदन,1
मेगा,मेगा,1
मानसफील्ड,मैन्सफील्ड,0
मत्तांचेरी,मट्टानचेरी,0
नवकेतन,नवकेतन,1
कामटार,कमतर,0
पित्यूनिय,पिट्यूनिया,0
पुरूषोत्तमपुर,पुरूषोत्तमपुर,1
तपन,तपन,1
जुबान,ज़ुबान,0
एन्सीरडयलल्सिजी,एनसीआरडब्ल्यूसी,0
हैमबलिन,हैम्बलिन,0
आराम,आराम,1
यशपाल,यशपाल,1
वोखा,वोखा,1
छेतरी,छेत्री,0
ओमैक्स,ओमैक्स,1
परवीन,परवीन,1
कुकरेजा,कुकरेजा,1
प्रेमफलाह,प्रेमफलः,0
नरमी,नरमी,1
श्रृंखलाओं,श्रंखलाओं,0
अवरोधक,अवरोधक,1
तीरों,तीरों,1
गणेशा,गणेशा,1
झड़ा,झाड़ा,0
अनुपामा,अनुपमा,0
तलबगगार,तलबगार,0
बिंदल,बिन्दल,0
ज़वाला,ज़वाला,1
आमरियापाड़ा,आमरियापाड़ा,1
प्रतिनिधिकारी,प्रतिनिधिकारी,1
हलमतपुरा,हलमतपुरा,1
बूदम,बूदम,1
मैसियास,मैकियास,0
मेडीकल,मेडीकल,1
रिस्पेक्टिंग,रिस्पेक्टिंग,1
रांजकता,रंजकता,0
डीए,दा,0
सक्शन,सक्शन,1
भूमी,भूमी,1
त्योहरों,त्यौहारों,0
रंगते,रंगते,1
यूट्ट्रा,उत्तरा,0
पेनशनधारियों,पेंशनधारियों,0
कार्यकर्ताओं,कार्यकर्ताओं,1
विद्याओं,विद्याओं,1
दफान,द़फन,0
सारहिंद,सरहिंद,0
खासकर,ख़ासकर,0
रैथ,रैथ,1
गुड़ागौंव,गुडगौंव,0
सहब,साहब,0
उदानों,उड़ानों,0
मजेस्को,मेजेस्को,0
पुष्पा,पुष्पा,1
केशरी,केशरी,1
बोमबी,बांबी,0
कार्गिल,कारगिल,0
टकरा,टकरा,1
बीजी,बिजी,0
क्रोम,क्रोम,1
स्तिथि,स्तिथि,1
गुल्फ,गल्फ,0
कालोनिवासियों,कालोनीवासियों,0
आवृतियों,आवृत्तियों,0
सुहनुभूति,सुहानुभूति,0
चमच,चमच,1
विरोधाभासी,विरोधाभासी,1
साभर,साभार,0
एल्कार्गो,ऑलकार्गो,0
हराना,हारना,0
अव्यवसायी,अव्यवसायी,1
प्राविंसेज,प्राविंसेस,0
छेठतरी,छेत्री,0
प्रतिष्ठि,प्रतिष्ठी,0
सापा,सपा्,0
पाटकी,पटकी,0
पर्चियों,पर्चियों,1
प्रतिवाद,प्रतिवाद,1
लिफापा,लिफ़ाफ़ा,0
दर्शाना,दर्शाना,1
गैरिसन,गेरीसन,0
आकांडों,आकंड़ों,0
धंडों,धंधों,0
डिस्ट्रीबयूटरी,डिस्ट्रीब्यूटरी,0
खातरी,खत्री,0
पंजिका,पंजिका,1
बातः,बातः,1
रवले,रावले,0
कांगन,कंगन,0
प्रेमात्मक,प्रेमात्मक,1
सिपही,सिपाही,0
नोटबंदिशुद्दा,नोटबंदीशुदा,0
देवलाहा,देवलहा,0
हलला,हल्ला,0
झमातें,ज़मातें,0
मासे,मैसी,0
उसक,उसक,1
पितामह,पितामह,1
विवरणभरतीय,विवरणःभारतीय,0
नागरकॉल,नागेरकोइल,0
लखखी,लख्खी,0
अछी,अच्छी,0
सतिन,सैटिन,0
नागपुर,नागपुर,1
बसीरहट,बसीरहाट,0
छेलाई,छेलै,0
उबारकर,उबरकर,0
संयुक्तवस्था,संयुक्तावस्था,0
सुरी,सूरी,0
भपाई,भपाई,1
व्यक्तिगत,व्यक्तिगत,1
माथहिर,महाथिर,0
फ्लेश,फ्लेश,1
राष्ट्रक,राष्ट्रक,1
राजभाई,राजभाई,1
हॉन्ग,हॉन्ग,1
लैंगरों,लंगरों,0
सुभाय,सुभाय,1
फंड,फंड,1
फ्लावर्स,फ्लावर्स,1
उठाने,उठने,0
बड़ा,बडा़,0
मिशरा,मिश्रा,0
श्त,षट्,0
मानहट्टन,मैनहट्टन,0
सरगुजा,सरगुजा,1
इवीनिंग,ईवनिंग,0
ग्राहणकाल,ग्रहणकाल,0
बगाली,बागली,0
नीयू,नीऊ,0
मुंडवा,मुंडवा,1
तोलासन,तोलासन,1
जेडडीटसिफ़्ट,जेडटीईसाफ्ट,0
नागमंडल,नागमण्डल,0
कनाल,कनाल,1
माचिलीपटनम,मछलीपट्टनम,0
फेलिक्स,फेलिक्स,1
हस्ताक्षरों,हस्ताक्षरों,1
भीलाई,भिलाई,0
कन्ट्रैक्टिंग,कॉन्ट्रेक्टिंग,0
क़रार,क़रार,1
जौन,जौं,0
भलू,भाालू,0
फोर्टिस,फोर्टिस,1
गिरिजाघरों,गिरजाघरों,0
जैनों,जैनों,1
अर्थव्यवस्थाः,अर्थव्यवस्थाः,1
ओक्सीज,ऑक्सीज,0
खिताबों,खिताबों,1
एंका,एनका,0
चश्मा,चष्मा,0
बताओ,बताअाे,0
घ्रुटकुमारी,घृतकुमारी,0
प्रेटेस्टेंट,प्राटेस्टेंट,0
बॉअर,ब्युर,0
लक्ष्मीधर,लक्ष्मीधर,1
सियासी,सियासी,1
उपयोगितावादियों,उपयोगितावादियों,1
तूगा,टूगा,0
समादजियों,समाधियों,0
खुरपाका,खुरपका,0
कुमावत,कुमावत,1
एमएमवीप,एमडब्ल्यूपी,0
सुराज,सूरज,0
न्यूरोसाइंटिस्ट्स,न्यूरोसाइंटिस्ट्स,1
चंद्रेश्वरनगर,चंद्रेश्वरनगर,1
तनिश,टैनिस,0
फरुखनगर,फर्रूखनगर,0
अवाजों,आवाज़ों,0
नजराने,नजराने,1
पशुचारा,पशुचारा,1
वेबुनियाडी,वेबुनियादी,0
डानबरी,डेनबरी,0
नैदिली,नईदिल्ली,0
छल्ला,छल्ला,1
रोवान,रोवन,0
शिओपुर,श्योपुर,0
रालानी,रव्लानी,0
संवरी,संवरी,1
ढ़क,धाक,0
मासे,मस्से,0
इन्योरंस,इंश्योरेंस,0
संप्रभुता,संप्रभुता,1
राष्ट्रा,राष्ट्रा,1
जौहरी,जौहरी,1
जुड़ाई,जुदाई,0
बदमाशों,बदमाशाें,0
खिताबों,खिताबों,1
स्वयाम,स्वयँ,0
आगाह,आग़ा,0
ढींधवाल,ढिंडवाल,0
घीसे,घिसे,0
सप्पानवाली,सप्पांवाली,0
निखरें,निखारें,0
बाधित,बाधित,1
ब्रह्मापुर,ब्रह्मपुर,0
बैयटोन,बैटाउन,0
कोलिंग,कोलिंग,1
समाधियों,समाधियों,1
यूनियनवाड़ी,यूनियनवादी,0
छापेमार,छापेमार,1
गरीबों,ग़रीबों,0
थाउसैंड,थाऊजेंड,0
दासिला,डसीला,0
कंजेंटेवाइटिस,कंजेंटेवाइटिस,1
बढ़ाओं,बाधाओं,0
लागेगा,लगेगा,0
दुर्घटना,दुर्घटना,1
नितियों,नितियों,1
कापधारी,कैपधारी,0
एट्रआरआई,अत्री,0
सिंगम,सिंगम,1
वास्तविक,वास्तविक,1
सबस्टेंसिस,सबस्टेंसिस,1
पीलेपन,पीलेपन,1
उठनी,उठनी,1
हण्डिया,हंडिया,0
प्रतिरक्षी,प्रतिरक्षी,1
लालकर्ता,ललकारता,0
दुकानों,दुकानों,1
निविदाताओं,निविदाताओं,1
सर्वजातीय,सर्वजातीय,1
नरसंहरों,नरसंहारों,0
नीमकथाना,नीमकाथाना,0
हेरेरा,हेरेरा,1
जुनून,जुनून,1
आइकाई,इकाई,0
जगदालपुर,जगदलपुर,0
स्विफटलेट,स्विफ्टलेट,0
जलगती,जलगति,0
पिट्ट्स,पिट्स,0
रोपी,रोपी,1
अडांगा,अड़ंगा,0
अलासी,आलसी,0
चौकियां,चौकियां,1
लेयटन,लेटन,0
वक्रंगी,वकरंगी,0
डेवलपमेंट,डेवलपमेंट,1
शावनी,शॉनी,0
पर्देसियों,परदेसियों,0
भूगोल,भूगोल,1
बागीची,बगीची,0
सिवान,सिवान,1
स्ट्रे,स्ट्रे,1
आलसी,आलसी,1
व्यूव,व्यू,0
विशिन,विषहीन,0
किस्सागो,किस्सागोई,0
महानिदेशक,महानिदेशक,1
चिकित्सवेम,चिकित्साएवं,0
भट्टाचार्य,भट्टाचार्य,1
ट्रेंटन,ट्रेंटन,1
कन्याएं,कन्याएं,1
प्रियादर्शिनी,प्रियदर्शिनी,0
हुखुख,हुक़ूक़,0
शुल्काह,शुल्कः,0
राने,राणे,0
महाविद्य,महाविद्या,0
संस्यों,संशयों,0
श्रेणीह,श्रेणीः,0
ओडोम,ओडोम,1
बेनिटेज,बेनिटेज़,0
त्योहर,त्यौहार,0
मतियाना,मतियाना,1
शाव्यात्रा,शवयात्रा,0
रिश्ते,रिश्ते,1
रेहाना,रेहाना,1
क्एसएस,क्यूएसएस,0
अनावश्यक,अनावश्यक,1
रिझाया,रिझाया,1
ब्रिगडे,ब्रिगेड,0
सपने,सपने,1
चुनीं,चुनीं,1
कोशाधिकारी,कोषाधिकारी,0
करब,करब,1
पाल्टाने,पलटने,0
कर्नेश्वरधाम,कर्णेश्वरधाम,0
आर्यानास,आर्यनस,0
प्रतिष्ठानों,प्रतिष्ठानोंं,0
करैकाल,कराईकल,0
उस्की,उसकी,0
विप्रीता,विपरीतता,0
परिक्षाओ,परीक्षाओ,0
फ्यूजी,फ्यूजी,1
लामिनार,लामिनार,1
जुटती,जुटाती,0
कौशिक,कौशिक,1
बेकाबू,बेकाबू,1
नानो,नैनो,0
ओरिसा,ओडिसा,0
तोमार,तोमर,0
रोपी,रोपी,1
थपप्बड़भी,थप्पड़बाज़ी,0
बाबत,बाबत,1
अट्हासा,अट्टहास,0
कोलन,कोलन,1
प्रतिलीतर,प्रतिलीटर,0
भूसी,भूसी,1
हलिया,हलिया,1
उत्पीदन,उत्पीडऩ,0
पोप,पोप,1
करखेले,करखेले,1
बहुल्य,बाहुल्य,0
अस्वभाविक,अस्वभाविक,1
कठनाययों,कठनाईयों,0
रामजीलाल,रामजीलाल,1
वसुल्ता,वसूलता,0
मुख्यमंत्री,मुख्यमंत्री,1
मारिया,मारिया,1
सतमेव,सत्मेव,0
बाकसा,बक्सा,0
उदार,उदर,0
एमनएम,मैन,0
बुद्धिजीवों,बुद्धिजीवों,1
सुदीप,सुदीप,1
जोडो,जोड़ो,0
तसदीक,तसदीक,1
निकालनी,निकालनी,1
भटकाना,भटकाना,1
हरना,हारना,0
दिलों,डिल्लों,0
रजिस्टर्ड,रजिस्टर्ड,1
भंडारा,भंडारा,1
ललनिया,ललानिया,0
लिमा,लिमा,1
लालकृष्णा,लालकृष्ण,0
रत्नभूषण,रत्नाभूषण,0
स्परिवार,सपरिवार,0
साह,साह,1
समेट्टी,समेटती,0
पायरिया,पाइरिया,0
मामालोंमें,मामलोंमें,0
ब्रात,बरात,0
वैइसन,वैइसन,1
विल्ला,विला,0
लिं्डा,लिंडा,0
खरिया,खरिया,1
चेल्लानी,चेलानी,0
इलेक्ट्रोनिक्स,इलेक्ट्रॉनिक्स,0
ऋषिराज,ऋषिराज,1
उदाईपुर,उदयपुर,0
पागला,पगला,0
रितुकान्त,ऋतुकांत,0
कुर्मी,कुर्मी,1
दस्ताना,दस्ताना,1
एमराल्ड,एमरल्ड,0
घुमाई,घुमाई,1
उपद्रवियों,उपद्रवियों,1
ओकलाहोमा,ओक्लाहोमा,0
धर्मराजने,धर्मराजने,1
झाहुआई,झाओहुई,0
उप्पिदन,उप्पीड़न,0
खेमिक,खेमिक,1
तुगलकी,तुगलकी,1
दुआर,दोआर,0
एवी,अवि,0
जडेेट,जड़ित,0
तैबू,टैबू,0
प्रोग्राम्र्म्स,प्रोग्रामर्स,0
टेयोर्सविले,टेलर्सविले,0
चाद्रों,चादरों,0
रेसर,रेसर,1
भका,भका,1
अन्धभक्तो,अंधभक्तो,0
ओब्रायन,ओब्रायन,1
क्रुट्या,कृत्या,0
पीरन,पीरान,0
नजरियों,नजरियों,1
मायूर,मयूर,0
चौधवान,चौदहवां,0
स्वर्गाडूट,स्वर्गदूत,0
फेका,फेका,1
इंडेपेंडेट,इंडिपेन्डेट,0
टिंका,टिंका,1
गुर्डन,गुर्दों,0
जातियों,जातियों,1
सामनवायका,समन्वयक,0
सुबे,सूबे,0
चंदनाा,चंदन,0
प्रारमाभकिता,प्रारंभिकता,0
ट्रैप,ट्रैप,1
उदांत,उदंत,0
डायनामैटिक,डायनामेटिक,0
विद्युतीकृत,विद्युतीकृत,1
ललनिया,ललानिया,0
वड़रा,वदरा,0
वेड,वेड,1
फड़फड़ाएँ,फड़फड़ाएं,0
ट्रेडेड,ट्रेडेड,1
अखुआपाड़ा,अखुआपाड़ा,1
सरहा,सराहा,0
विज्ञानवादियों,विज्ञानवादियों,1
कमजोर,कमज़ोर,0
युंगस्टाउन,यंगस्टाउन,0
आर्यम,आर्यम्,0
पटकथाएँ,पटकथाएं,0
बाजपाई,बाजपेयी,0
जसी,जस्सी,0
नाउ,नाऊ,0
एवव,एवव,1
लगतार,लागातार,0
सुमान,सुमन,0
पदनी,पड़नी,0
मिंटद्री,माइंडट्री,0
डिस्ट्रीब्यूटरी,ड्रिस्ट्रीब्यूट्री,0
जनकारों,जानकारों,0
शंकचराचार्य,शंकचराचार्य,1
ओफ़शफर,ऑफशोर,0
दुखों,दुखों,1
नेस्को,नेस्को,1
फूलती,फूलती,1
टूल्स,टूल्स,1
वर्जर,वर्गर,0
डुंघोंटू,दमघोंटू,0
विदियोह,वीडियोः,0
राजमान,राजमां,0
आत्ममुग्ध,आत्ममुग्ध,1
रॉकफर्ड,रॉकफोर्ड,0
मित्रा,मित्रा,1
देवनार,देवनार,1
ओकीई,ओकोई,0
उत्तरिया,उत्तरिया,1
कैनावीज,कैनविज,0
गैलेक्सन,गैलेक्सियों,0
जीवनिया,जीवनियां,0
हकीकत,हकीकत,1
एलीमिनेटर,एलिमिनेटर,0
अगस्टीन,अगस्टाइन,0
कर्,कर,0
बिटाने,बीताने,0
दफ्तरवाले,दफ्तरवाले,1
बैराध,बैराढ,0
कंबलों,कंबलों,1
ज्वार,ज्वार,1
फतामा,फातमा,0
वाइव्ज़,विवेस,0
डीवीडीटी,डीडब्ल्यूटी,0
धातुएँ,धातुएं,0
सियाहा,सियाह,0
पिटने,पीटने,0
बिच्चों,बिच्चों,1
जिता,जिता,1
सेवाला,सेवाला,1
बटौर,बताैर,0
आदित्य,आदित्या,0
क्षेत्रें,क्षेत्रें,1
एकेनी,एंकेनी,0
छेतर,छेत्र,0
मुकर्ते,मुकरते,0
एंथे,ऐंठे,0
बाल्टी,बाल्टी,1
खंगाली,खंगाली,1
बीसीसें,बीएसएसएस,0
बंजासम,ब्ंजजसम,0
पुष्पित,पुष्पित,1
लिनमार्गा,लिंमर्ग,0
पेरेड्डी,पेरेड्डी,1
बोदरा,बोदरा,1
फोकस,फ़ोकस,0
दूताय,दूताय,1
श्रीलीथर्स,श्रीलेदर्स,0
महांकमाडन,महंकमदान,0
घुनसा,घूंसा,0
काव्यविधाओं,काव्यविधाओं,1
क्षत्रियादी,क्षत्रियादि,0
जानकारों,जानकारों,1
रखना,रखना,1
रिष्टेदारो,रिश्तेदारो,0
श्रवाणी,श्रावणी,0
कुबुद्दीन,कुबुद्दीन,1
जीवलरर्स,ज्वेलर्स,0
मेमामन,मेहमान,0
रोजलिन,रोजलिन,1
जयकारा,जयकारा,1
चबुत्रे,चबूतरे,0
हरादिल,हरदिल,0
ट्रक,ट्रक,1
न्यूरोवैक्सुलर,न्यूरोवेस्कुलर,0
खेलाने,खेलाने,1
स्ट्रेशन,स्ट्रेशन,1
लक्षयतीर्थ,लक्ष्यतीर्थ,0
नेशंस,नेशंस,1
पाठशालयें,पाठशालाएं,0
निवेदना,निवेदनः,0
लिदारों,लीडरों,0
तानाला,टेनला,0
सेवकों,सेवकों,1
पूर्वापेक्षाओं,पूर्वापेक्षाओं,1
माणी,मणि,0
सोमवार,साेमवार,0
प्रन,प्राण,0
अवेज्ञानिक,अवैज्ञानिक,0
एवियेशन,ऐवीऐशन,0
ब्रॉन,ब्राउन,0
नाकाम,नाकाम,1
अधिवास,अधिवास,1
जंजाग्रान,जनजागरण,0
राजनन्दगांव,राजनंदगांव,0
लैरी,लैरी,1
भलू,भाालू,0
तरीको,तरीको,1
चिकोपी,चिकोपी,1
रिफ्रैक्टररिज,रिफ्रेक्टरीज़,0
बारामद,बरामद,0
काव,काव,1
एमेराल्ड,एमरल्ड,0
विवेकाधीन,विवेकाधीन,1
फड़फड़ाएँ,फड़फड़ाएं,0
कैलाना,कायलाना,0
पेन्ट्स,पेंट्स,0
पिट्टस्बर्ग,पिट्सबर्ग,0
होखत,होखत,1
चौरसिया,चौरसिया,1
सच्चिदंद,सच्चिदानंद,0
साइड,सीड,0
चरों,चारों,0
रिज्वी,रिज़वी,0
क्ले,क्ले,1
डानपति,दंपति,0
दूरगढ़,दूर्गध,0
देवापुर,देवापुर,1
मनवाया,मनवाया,1
लटाककर,लटककर,0
मेहमान,मेहमान,1
निया,निया,1
उधमपुर,उधमपुर,1
अटाहर,अतहर,0
छुपता,छुपता,1
तुंगनाथ,तुंगनाथ,1
रघुपति,रघुपति,1
प्रकंध,प्रकाण्ड़,0
चें्ड,चेंज्ड,0
गंगटोक,गंगटोक,1
क्रिकेट,क्रिकेट,1
फ्रेंसिक्को,फ्रांसिस्को,0
भागने,भगाने,0
अडंगा,अड़ंगा,0
फिक्सिंह,फिक्सिंगः,0
कमाउ,कमाऊ,0
टिकोने,तिकोने,0
पाम,पैम,0
तारिकों,तरीक़ों,0
आगमन,आगमन,1
किडवाई,किदवई,0
आश्रितों,आश्रितों,1
राघवन,राघवन,1
जनेुधारी,जनेऊधारी,0
डेवनपोर्ट,डेवनपोर्ट,1
प्रेरणापुरी,प्रेरणापुरी,1
महासिंह,महासिंह,1
लोरदा,लोरदा,1
इं्ट्रोक्शन,इंट्रोडक्शन,0
स्वभावतः,स्वभावतः,1
गृषमोत्सव,ग्रीष्मोत्सव,0
तलाशेगा,तलाशेगा,1
सहरसा,सहरसा,1
मैके,मैके,1
मोशे,मोशे,1
ग्रांथियां,ग्रंथियां,0
लोहाती,लोहाती,1
एलियेंस,अलायंस,0
तागडे,तगड़े,0
चिंके,छींके,0
सिवान,सिवान,1
थकी,थकी,1
लेटाकर,लेटकर,0
हिकारिको,हिकारिको,1
टायरिस,टायर्स,0
न्रूत्यों,नृत्यों,0
डिर्फील्ड,डियरफील्ड,0
चरित,चरित,1
बेथलेहम,बैथलहम,0
फिनोटेक्स,फिनोटेक्स,1
असाही,असाही,1
पहनां,पहन,0
धनश्याम,धनश्याम,1
फारेंसिस,फारेंसिस,1
लहना,लहना,1
द्वारिकेश,द्वारिकेश,1
दुबाना,डुबाना,0
कराबोरियों,काराबोरियों,0
गोलामुरी,गोलमुरी,0
रखनऊ,राखणौ,0
विपानक,विपणक,0
पुंचांग,पंचांग,0
ब्रीड,ब्रीद,0
गुलरलवाला,गुल्लरवाला,0
एए्वीप,एडब्ल्यूपी,0
बाजी,बाज़ी,0
हरपाल,हरपाल,1
प्रेमेश्वर,प्रेमेश्वर,1
प्राप्त,प्राप्त,1
नक्सलवाद,नक्सलवाद,1
कंठहार,कंठहार,1
आक्साइड,ऑक्साइड,0
खैरती,खैराती,0
देशके,देशके,1
सुनसियर,सुनासीर,0
अफसारों,अफसराें,0
सेहो,सेहो,1
चबते,चबाते,0
मिती,मिति,0
बेलचा,बेलचा,1
सफलता,सफ़लता,0
शब्ाना,शबाना,0
खाटूटोला,खातूटोला,0
शिवस्तव,शिवास्तव,0
प्रेरणापुरी,प्रेरणापुरी,1
